1,KILLED,21,55
2,KILLED,21,55
3,KILLED,21,55
4,KILLED,21,55
5,KILLED,21,55
6,KILLED,21,55
7,KILLED,21,55
8,SURVIVED
9,KILLED,34,28,39,38,32,49,21,46,43,30,15,24,23,44,18,56,37,45,13,22,14,25,16,17,35,55,11,29
10,KILLED,34,28,39,38,32,49,21,46,43,30,15,24,23,44,18,56,37,45,13,22,14,25,16,17,35,55,11,29
11,KILLED,34,28,39,38,32,49,21,46,43,30,15,24,23,44,18,56,37,45,13,22,14,25,16,17,35,55,11,29
12,KILLED,39,38,21,43,30,15,24,23,18,14,25,16,17,35,55,29
13,KILLED,34,28,39,38,32,49,21,46,43,30,15,24,23,44,18,56,37,45,13,22,14,25,16,17,35,55,11,29
14,KILLED,34,28,39,38,32,49,21,46,43,30,15,24,23,44,18,56,37,45,13,22,14,25,16,17,35,55,11,29
15,KILLED,34,28,39,38,32,49,21,46,43,30,15,24,23,44,18,56,37,45,13,22,14,25,16,17,35,55,11,29
16,KILLED,34,28,39,38,32,49,21,46,43,30,15,24,23,44,18,45,13,22,14,25,16,17,35,55,11,29
17,KILLED,35
18,KILLED,42,41,15,31,11,40
19,KILLED,42,41,15,31,11,40
20,SURVIVED
21,KILLED,15,11
22,KILLED,15,11
23,KILLED,42,41,15,31,11,40
24,KILLED,42,41,15,31,11,40
25,KILLED,42,41,15,31,11,40
26,SURVIVED
27,SURVIVED
28,SURVIVED
29,NO_COVERAGE
30,NO_COVERAGE
31,SURVIVED
32,SURVIVED
33,NO_COVERAGE
34,NO_COVERAGE
35,KILLED,34,35
36,KILLED,34,35
37,KILLED,34,35
38,KILLED,34,35
39,KILLED,34,35
40,KILLED,34,35
41,KILLED,34,35
42,KILLED,34,35
43,KILLED,4,2,3,51,52,53,5,6,50,27,12,42,48,41,34,28,26,47,39,38,32,49,21,9,46,43,30,36,15,19,24,23,44,54,18,31,10,56,33,8,37,1,45,13,22,14,25,16,17,35,7,55,11,40,20,29
44,KILLED,4,2,3,51,52,53,5,6,50,27,12,42,48,41,34,28,26,47,39,38,32,49,21,9,46,43,30,36,15,19,24,23,44,54,18,31,10,56,33,8,37,1,45,13,22,14,25,16,17,35,7,55,11,40,20,29
45,KILLED,4,2,3,51,52,53,5,6,50,27,12,42,48,41,34,28,26,47,39,38,32,49,21,9,46,43,30,36,15,19,24,23,44,54,18,31,10,56,33,8,37,1,45,13,22,14,25,16,17,35,7,55,11,40,20,29
46,KILLED,4,2,3,53,5,6,27,12,42,48,41,34,28,26,47,39,38,32,49,21,9,46,43,30,36,15,19,24,23,44,54,18,31,10,56,33,8,37,1,45,13,22,14,25,16,17,35,7,55,11,40,20,29
47,KILLED,4,2,3,51,52,53,5,6,50,27,12,42,48,41,34,28,26,47,39,38,32,49,21,9,46,43,30,36,15,19,24,23,44,54,18,31,10,56,33,8,37,1,45,13,22,14,25,16,17,35,7,55,11,40,20,29
48,KILLED,4,2,3,51,52,53,5,6,50,27,12,42,48,41,34,28,26,47,39,38,32,49,21,9,46,43,30,36,15,19,24,23,44,54,18,31,10,56,33,8,37,1,45,13,22,14,25,16,17,35,7,55,11,40,20,29
49,KILLED,4,2,3,51,52,53,5,6,50,27,12,42,48,41,34,28,26,47,39,38,32,49,21,9,46,43,30,36,15,19,24,23,44,54,18,31,10,33,8,1,45,13,22,14,25,16,17,35,7,55,11,40,20,29
50,KILLED,46,43,30,15,18,56,37,13,22,14,25,16,17,35,55,11
51,KILLED,34,28,39,38,32,49,21,46,43,30,15,24,23,44,18,56,37,45,13,22,14,25,16,17,35,55,11,29
52,KILLED,34,28,39,38,32,49,21,46,43,30,15,24,23,44,18,56,37,45,13,22,14,25,16,17,35,55,11,29
53,KILLED,49,46,43,30,15,18,56,37,13,22,14,25,16,17,35,55,11,29
54,KILLED,34,28,39,38,32,49,21,46,43,30,15,24,23,44,18,56,37,45,13,22,14,25,16,17,35,55,11,29
55,KILLED,46,43,30,15,18,56,37,13,22,14,25,16,17,35,55,11
56,KILLED,42,41,34,28,39,38,32,49,21,46,43,30,15,24,23,44,18,31,56,37,45,13,22,14,25,16,17,35,55,11,40,29
57,KILLED,46,43,30,15,18,56,37,13,22,14,25,16,17,35,55,11
58,KILLED,34,28,39,38,32,49,21,46,43,30,15,24,23,44,18,45,13,22,14,25,16,17,35,55,11,29
59,NO_COVERAGE
60,NO_COVERAGE
61,NO_COVERAGE
62,NO_COVERAGE
63,NO_COVERAGE
64,NO_COVERAGE
65,NO_COVERAGE
66,NO_COVERAGE
67,NO_COVERAGE
68,NO_COVERAGE
69,NO_COVERAGE
70,NO_COVERAGE
71,NO_COVERAGE
72,NO_COVERAGE
73,NO_COVERAGE
74,NO_COVERAGE
75,NO_COVERAGE
76,NO_COVERAGE
77,NO_COVERAGE
78,NO_COVERAGE
79,NO_COVERAGE
80,NO_COVERAGE
81,NO_COVERAGE
82,NO_COVERAGE
83,NO_COVERAGE
84,NO_COVERAGE
85,NO_COVERAGE
86,NO_COVERAGE
87,NO_COVERAGE
88,NO_COVERAGE
89,KILLED,29
90,KILLED,29
91,KILLED,29
92,KILLED,29
93,KILLED,29
94,KILLED,29
95,KILLED,29
96,KILLED,29
97,KILLED,29
98,NO_COVERAGE
99,NO_COVERAGE
100,NO_COVERAGE
101,NO_COVERAGE
102,NO_COVERAGE
103,NO_COVERAGE
104,NO_COVERAGE
105,NO_COVERAGE
106,NO_COVERAGE
107,NO_COVERAGE
108,KILLED,29
109,KILLED,29
110,KILLED,29
111,KILLED,29
112,KILLED,29
113,SURVIVED
114,KILLED,20
115,KILLED,20
116,KILLED,20
117,KILLED,20
118,KILLED,20
119,KILLED,20
120,SURVIVED
121,KILLED,19
122,KILLED,19
123,KILLED,19
124,KILLED,19
125,KILLED,19
126,KILLED,19
127,KILLED,36
128,SURVIVED
129,KILLED,36
130,KILLED,36
131,KILLED,36
132,KILLED,42,15,11
133,KILLED,42,15,11
134,KILLED,42,15,11
135,KILLED,15,11
136,KILLED,42,15,11
137,KILLED,31
138,KILLED,31
139,KILLED,31
140,KILLED,31
141,SURVIVED
142,KILLED,15,18
143,KILLED,15,18
144,KILLED,15,18
145,KILLED,25
146,KILLED,25
147,KILLED,25
148,KILLED,25
149,KILLED,25
150,KILLED,25
151,KILLED,25
152,KILLED,25
153,KILLED,15,18,11
154,KILLED,48,47,49,15,18,11
155,KILLED,48,47,49,15,18,11
156,KILLED,48,47,49,15,18,11
157,KILLED,48,47,49,15,18,11
158,KILLED,48,47,49,15,18,11
159,KILLED,41
160,KILLED,41
161,KILLED,41
162,SURVIVED
163,KILLED,41
164,KILLED,40
165,KILLED,40
166,KILLED,40
167,KILLED,40
168,KILLED,38,49,21,30,15,18,56,37,13,14,16,17,35,55,29
169,KILLED,38,49,21,30,15,18,56,37,13,14,16,17,35,55,29
170,KILLED,38,49,21,30,15,18,56,37,13,14,16,17,35,55,29
171,KILLED,38,21,43,30,15,24,23,18,56,37,13,14,16,17,35,55,29
172,KILLED,39,38,49,21,43,30,15,24,23,18,56,37,13,14,16,17,35,55,11,29
173,KILLED,39,38,49,21,43,30,15,24,23,18,56,37,13,14,16,17,35,55,11,29
174,KILLED,39,38,49,21,43,30,15,24,23,18,56,37,13,14,16,17,35,55,11,29
175,KILLED,39,38,49,21,43,30,15,24,23,18,56,37,13,14,16,17,35,55,11,29
176,KILLED,39,38,49,21,43,30,15,24,23,18,56,37,13,14,16,17,35,55,11,29
177,KILLED,39,38,49,21,43,30,15,24,23,18,56,37,13,14,16,17,35,55,11,29
178,KILLED,39,38,49,21,43,30,15,24,23,18,56,37,13,14,16,17,35,55,11,29
179,KILLED,39
180,KILLED,39
181,KILLED,39
182,KILLED,39
183,KILLED,39
184,KILLED,24
185,KILLED,24
186,KILLED,24
187,KILLED,24
188,KILLED,24
189,KILLED,24
190,KILLED,23
191,KILLED,23
192,KILLED,23
193,KILLED,23
194,KILLED,23
195,KILLED,23
196,KILLED,23
197,KILLED,23
198,KILLED,32
199,KILLED,32
200,KILLED,32
201,NO_COVERAGE
202,NO_COVERAGE
203,NO_COVERAGE
204,KILLED,34,49,15,18,13,14,16,17,35
205,KILLED,34,49,15,18,13,14,16,17,35
206,KILLED,34,49,15,18,13,14,16,17,35
207,KILLED,34
208,KILLED,34
209,KILLED,34
210,KILLED,34
211,KILLED,34
212,KILLED,34
213,KILLED,34
214,KILLED,35
215,KILLED,35
216,KILLED,35
217,KILLED,35
218,KILLED,35
219,KILLED,35
220,KILLED,35
221,NO_COVERAGE
222,NO_COVERAGE
223,NO_COVERAGE
224,NO_COVERAGE
225,NO_COVERAGE
226,NO_COVERAGE
227,NO_COVERAGE
228,NO_COVERAGE
229,NO_COVERAGE
230,NO_COVERAGE
231,NO_COVERAGE
232,NO_COVERAGE
233,KILLED,21
234,KILLED,21
235,KILLED,5,6,48,47,22,55
236,KILLED,5,6,48,47,22,55
237,KILLED,5,6,48,47,22,55
238,KILLED,4,2,3,51,52,53,50,27,12,42,41,28,26,39,38,32,49,21,9,46,43,30,36,15,19,24,23,44,54,18,31,10,56,33,8,37,1,45,13,14,25,16,17,7,55,11,40,20,29
239,KILLED,4,2,3,51,52,53,50,27,12,42,41,28,26,39,38,32,49,21,9,46,43,30,36,15,19,24,23,44,54,18,31,10,56,33,8,37,1,45,13,14,25,16,17,7,55,11,40,20,29
240,KILLED,4,2,3,51,52,53,50,27,12,42,41,28,26,39,38,32,49,21,9,46,43,30,36,15,19,24,23,44,54,18,31,10,56,33,8,37,1,45,13,14,25,16,17,7,55,11,40,20,29
241,NO_COVERAGE
242,NO_COVERAGE
243,NO_COVERAGE
244,NO_COVERAGE
245,NO_COVERAGE
246,NO_COVERAGE
247,NO_COVERAGE
248,NO_COVERAGE
249,KILLED,34,35
250,KILLED,34,35
251,KILLED,34,35
252,NO_COVERAGE
253,NO_COVERAGE
254,NO_COVERAGE
255,KILLED,34,35
256,KILLED,34,35
257,KILLED,4,2,3,51,52,53,5,6,50,27,12,42,48,41,34,28,26,47,39,38,32,49,21,9,46,43,30,36,15,19,24,23,44,54,18,31,10,56,33,8,37,1,45,13,22,14,25,16,17,35,7,55,11,40,20,29
258,KILLED,4,2,3,51,52,53,5,6,50,27,12,42,48,41,34,28,26,47,39,38,32,49,21,9,46,43,30,36,15,19,24,23,44,54,18,31,10,56,33,8,37,1,45,13,22,14,25,16,17,35,7,55,11,40,20,29
259,SURVIVED
260,KILLED,4,54
261,KILLED,4,54
262,KILLED,4,54
263,KILLED,4,54
264,KILLED,4,54
265,KILLED,4,54
266,KILLED,4,54
267,KILLED,4,54
268,NO_COVERAGE
269,KILLED,4
270,KILLED,4
271,SURVIVED
272,KILLED,5,6
273,KILLED,5,6
274,KILLED,5,6
275,KILLED,5,6
276,KILLED,5,6
277,NO_COVERAGE
278,KILLED,6
279,KILLED,6
280,KILLED,18,16,17
281,KILLED,18,33,16,17
282,KILLED,18,33,16,17
283,KILLED,18,33,16,17
284,KILLED,18,33,16,17
285,KILLED,18,33,16,17
286,KILLED,18,33,16,17
287,KILLED,22
288,KILLED,22
289,KILLED,22
290,KILLED,22
291,KILLED,22
292,KILLED,22
293,KILLED,22
294,KILLED,22
295,KILLED,22
296,KILLED,22
297,KILLED,22
298,KILLED,22
299,KILLED,22,55
300,KILLED,22,55
301,KILLED,22,55
302,KILLED,22
303,KILLED,22
304,KILLED,22
305,KILLED,28
306,KILLED,28
307,KILLED,28
308,KILLED,28
309,KILLED,28
310,KILLED,28
311,KILLED,28
312,KILLED,22
313,KILLED,22
314,KILLED,22
315,KILLED,22
316,KILLED,22
317,KILLED,22
318,KILLED,22
319,KILLED,22
320,KILLED,22
321,KILLED,28,39,38,21,24,23,35,55
322,KILLED,28,39,38,21,24,23,35,55
323,KILLED,28,39,38,21,24,23,35,55
324,KILLED,34,28,39,38,32,49,21,46,43,30,15,24,23,44,18,45,13,22,14,25,16,17,35,55,11,29
325,SURVIVED
326,KILLED,4,2,3,51,52,53,5,6,50,27,12,48,34,28,26,47,39,38,32,49,21,9,46,43,30,36,15,19,24,23,44,54,18,10,33,8,1,45,13,22,14,25,16,17,35,7,55,11,20,29
327,KILLED,4,2,3,51,52,53,5,6,50,27,12,42,48,41,34,28,26,47,39,38,32,49,21,9,46,43,30,36,15,19,24,23,44,54,18,31,10,33,8,1,45,13,22,14,25,16,17,35,7,55,11,40,20,29
328,KILLED,34,28,39,38,32,49,21,46,43,30,15,24,23,44,18,45,13,22,14,25,16,17,35,55,11,29
329,KILLED,42,41,34,28,39,38,32,49,21,46,43,30,15,24,23,44,18,31,45,13,22,14,25,16,17,35,55,11,40,29
330,KILLED,42,41,34,28,39,38,32,49,21,46,43,30,15,24,23,44,18,31,45,13,22,14,25,16,17,35,55,11,40,29
331,KILLED,4,2,3,51,52,53,5,6,50,27,12,42,48,41,34,28,26,47,39,38,32,49,21,9,46,43,30,36,15,19,24,23,44,54,18,31,10,33,8,1,45,13,22,14,25,16,17,35,7,55,11,40,20,29
332,KILLED,34,28,39,38,32,49,21,46,43,30,15,24,23,44,18,45,13,22,14,25,16,17,35,55,11,29
333,KILLED,4,2,3,51,52,53,5,6,50,27,12,42,48,41,34,28,26,47,39,38,32,49,21,9,46,43,30,36,15,19,24,23,44,54,18,31,10,33,8,1,45,13,22,14,25,16,17,35,7,55,11,40,20,29
334,KILLED,4,2,3,51,52,53,5,6,50,27,12,42,48,41,34,28,26,47,39,38,32,49,21,9,46,43,30,36,15,19,24,23,44,54,18,31,10,33,8,1,45,13,22,14,25,16,17,35,7,55,11,40,20,29
335,SURVIVED
336,KILLED,51,52
337,KILLED,51,52
338,KILLED,51,52
339,SURVIVED
340,KILLED,2,3
341,KILLED,2,3
342,KILLED,2,3
343,KILLED,2,3
344,KILLED,2,3
345,NO_COVERAGE
346,KILLED,3
347,KILLED,3
348,NO_COVERAGE
349,KILLED,52
350,KILLED,52
351,NO_COVERAGE
352,NO_COVERAGE
353,NO_COVERAGE
354,NO_COVERAGE
355,NO_COVERAGE
356,NO_COVERAGE
357,NO_COVERAGE
358,NO_COVERAGE
359,NO_COVERAGE
360,NO_COVERAGE
361,NO_COVERAGE
362,NO_COVERAGE
363,NO_COVERAGE
364,NO_COVERAGE
365,KILLED,46,15,18,13,14,25,16,17
366,KILLED,53,34,26,46,36,15,18,13,14,25,16,17
367,KILLED,53,34,26,46,36,15,18,13,14,25,16,17
368,KILLED,53,34,26,46,36,15,18,13,14,25,16,17
369,KILLED,53,34,26,46,36,15,18,13,14,25,16,17
370,NO_COVERAGE
371,KILLED,53,34
372,KILLED,53,34
373,SURVIVED
374,KILLED,27,1,35
375,KILLED,27,1,35
376,KILLED,27,1,35
377,KILLED,27,1,35
378,KILLED,27,1,35
379,KILLED,27,1,35
380,KILLED,27,1,35
381,KILLED,27,1,35
382,KILLED,27,1,35
383,KILLED,27,1,35
384,NO_COVERAGE
385,KILLED,1,35
386,KILLED,1,35
387,NO_COVERAGE
388,NO_COVERAGE
389,NO_COVERAGE
390,NO_COVERAGE
391,NO_COVERAGE
392,SURVIVED
393,NO_COVERAGE
394,NO_COVERAGE
395,KILLED,15,11
396,KILLED,15,11
397,KILLED,15,11
398,KILLED,15,11
399,KILLED,15,11
400,NO_COVERAGE
401,NO_COVERAGE
402,NO_COVERAGE
403,NO_COVERAGE
404,KILLED,15,11
405,KILLED,15,11
406,KILLED,15,11
407,KILLED,15,11
408,KILLED,15,11
409,KILLED,15,11
410,KILLED,15,11
411,KILLED,15,11
412,SURVIVED
413,KILLED,15,11
414,KILLED,15,11
415,KILLED,43,25
416,KILLED,43,25
417,KILLED,43,25
418,KILLED,43,25
419,NO_COVERAGE
420,NO_COVERAGE
421,NO_COVERAGE
422,NO_COVERAGE
423,NO_COVERAGE
424,NO_COVERAGE
425,NO_COVERAGE
426,NO_COVERAGE
427,NO_COVERAGE
428,NO_COVERAGE
429,NO_COVERAGE
430,NO_COVERAGE
431,NO_COVERAGE
432,NO_COVERAGE
433,NO_COVERAGE
434,NO_COVERAGE
435,NO_COVERAGE
436,NO_COVERAGE
437,NO_COVERAGE
438,NO_COVERAGE
439,NO_COVERAGE
440,NO_COVERAGE
441,NO_COVERAGE
442,NO_COVERAGE
443,KILLED,30
444,KILLED,30
445,KILLED,30
446,KILLED,30
447,KILLED,30
448,KILLED,30
449,KILLED,30
450,KILLED,30
451,NO_COVERAGE
452,NO_COVERAGE
453,NO_COVERAGE
454,NO_COVERAGE
455,NO_COVERAGE
456,NO_COVERAGE
457,NO_COVERAGE
458,NO_COVERAGE
459,NO_COVERAGE
460,NO_COVERAGE
461,NO_COVERAGE
462,NO_COVERAGE
463,KILLED,30
464,KILLED,30
465,KILLED,30
466,KILLED,30
467,NO_COVERAGE
468,NO_COVERAGE
469,KILLED,37
470,KILLED,37
471,SURVIVED
472,KILLED,37
473,SURVIVED
474,KILLED,8,7
475,KILLED,8,7
476,KILLED,8,7
477,KILLED,8,7
478,KILLED,8,7
479,KILLED,8,7
480,KILLED,8,7
481,KILLED,8,7
482,KILLED,8,7
483,NO_COVERAGE
484,KILLED,8
485,KILLED,8
486,SURVIVED
487,KILLED,9,10
488,KILLED,9,10
489,KILLED,9,10
490,KILLED,9,10
491,KILLED,9,10
492,KILLED,9,10
493,NO_COVERAGE
494,KILLED,10
495,KILLED,10
496,KILLED,45
497,KILLED,45
498,KILLED,45
499,NO_COVERAGE
500,KILLED,45
501,KILLED,45
502,KILLED,45
503,KILLED,45
504,KILLED,45
505,KILLED,45
506,SURVIVED
507,KILLED,45
508,NO_COVERAGE
509,KILLED,45
510,KILLED,45
511,KILLED,44,45
512,KILLED,44,45
513,KILLED,44,45
514,NO_COVERAGE
515,KILLED,44,45
516,SURVIVED
517,KILLED,44,45
518,NO_COVERAGE
519,KILLED,44,45
520,SURVIVED
521,KILLED,14,17
522,NO_COVERAGE
523,NO_COVERAGE
524,KILLED,12,15,18,13,14,16,17
525,KILLED,12,15,18,13,14,16,17
526,KILLED,12,15,18,13,14,16,17
527,KILLED,12,15,18,13,14,16,17
528,KILLED,12,15,18,13,14,16,17
529,KILLED,12,15,18,13,14,16,17
530,KILLED,12,15,18,13,14,16,17
531,KILLED,12,15,18,13,14,16,17
532,KILLED,12,15,18,13,14,16,17
533,KILLED,12,15,18,13,14,16,17
534,NO_COVERAGE
535,NO_COVERAGE
536,NO_COVERAGE
537,NO_COVERAGE
538,KILLED,12,15,18,13,14,16,17
539,KILLED,12,15,18,13,14,16,17
540,KILLED,12,15,18,13,14,16,17
541,KILLED,12,15,18,13,14,16,17
542,KILLED,12,15,18,13,14,16,17
543,KILLED,12,15,18,13,14,16,17
544,KILLED,12,15,18,13,14,16,17
545,KILLED,12,15,18,13,14,16,17
546,SURVIVED
547,SURVIVED
548,KILLED,12,15,18,13,14,16,17
549,KILLED,12,15,18,13,14,16,17
550,KILLED,55
551,KILLED,55
552,KILLED,55
553,KILLED,55
554,KILLED,55
555,KILLED,55
556,KILLED,55
557,KILLED,55
558,KILLED,55
559,KILLED,55
560,KILLED,15,18,13,14,16,17
561,KILLED,15,18,13,14,16,17
562,KILLED,15,18,13,14,16,17
563,KILLED,4,2,3,53,5,6,27,12,42,48,41,34,26,47,39,38,49,21,9,46,43,30,36,15,19,24,23,44,54,18,31,10,56,33,8,37,1,45,13,22,14,25,16,17,35,7,55,11,40,20,29
564,KILLED,4,2,3,53,5,6,27,12,42,48,41,34,26,47,39,38,49,21,9,46,43,30,36,15,19,24,23,44,54,18,31,10,56,33,8,37,1,45,13,22,14,25,16,17,35,7,55,11,40,20,29
565,KILLED,4,2,3,53,5,6,27,12,42,48,41,34,26,47,39,38,49,21,9,46,43,30,36,15,19,24,23,44,54,18,31,10,56,33,8,37,1,45,13,22,14,25,16,17,35,7,55,11,40,20,29
566,KILLED,46
567,KILLED,46
568,KILLED,46
569,KILLED,46
570,NO_COVERAGE
571,NO_COVERAGE
572,NO_COVERAGE
573,KILLED,29
574,KILLED,29
575,NO_COVERAGE
576,NO_COVERAGE
577,NO_COVERAGE
578,NO_COVERAGE
579,NO_COVERAGE
580,NO_COVERAGE
581,NO_COVERAGE
582,NO_COVERAGE
583,KILLED,29
584,KILLED,29
585,KILLED,29
586,KILLED,29
587,KILLED,29
588,KILLED,29
589,KILLED,29
590,SURVIVED
591,TIMED_OUT
592,SURVIVED
593,NO_COVERAGE
594,NO_COVERAGE
595,NO_COVERAGE
596,SURVIVED
597,NO_COVERAGE
598,NO_COVERAGE
599,SURVIVED
600,SURVIVED
601,SURVIVED
602,NO_COVERAGE
603,NO_COVERAGE
604,NO_COVERAGE
605,NO_COVERAGE
606,SURVIVED
607,SURVIVED
608,NO_COVERAGE
609,TIMED_OUT
610,SURVIVED
611,SURVIVED
612,NO_COVERAGE
613,SURVIVED
614,TIMED_OUT
615,TIMED_OUT
616,NO_COVERAGE
617,NO_COVERAGE
618,SURVIVED
619,SURVIVED
620,TIMED_OUT
621,SURVIVED
622,TIMED_OUT
623,TIMED_OUT
624,NO_COVERAGE
625,NO_COVERAGE
626,NO_COVERAGE
627,NO_COVERAGE
628,NO_COVERAGE
629,NO_COVERAGE
630,NO_COVERAGE
631,NO_COVERAGE
632,NO_COVERAGE
633,NO_COVERAGE
634,SURVIVED
635,SURVIVED
636,KILLED,29
637,KILLED,29
638,TIMED_OUT
639,SURVIVED
640,KILLED,25
641,SURVIVED
642,NO_COVERAGE
643,NO_COVERAGE
644,NO_COVERAGE
645,NO_COVERAGE
646,NO_COVERAGE
647,NO_COVERAGE
648,NO_COVERAGE
649,NO_COVERAGE
650,NO_COVERAGE
651,NO_COVERAGE
652,NO_COVERAGE
653,NO_COVERAGE
654,NO_COVERAGE
655,NO_COVERAGE
656,NO_COVERAGE
657,NO_COVERAGE
658,NO_COVERAGE
659,NO_COVERAGE
660,NO_COVERAGE
661,NO_COVERAGE
662,NO_COVERAGE
663,NO_COVERAGE
664,NO_COVERAGE
665,NO_COVERAGE
666,NO_COVERAGE
667,NO_COVERAGE
668,NO_COVERAGE
669,NO_COVERAGE
670,NO_COVERAGE
671,NO_COVERAGE
672,NO_COVERAGE
673,NO_COVERAGE
674,NO_COVERAGE
675,NO_COVERAGE
676,NO_COVERAGE
677,NO_COVERAGE
678,NO_COVERAGE
679,NO_COVERAGE
680,NO_COVERAGE
681,NO_COVERAGE
682,NO_COVERAGE
683,NO_COVERAGE
684,NO_COVERAGE
685,NO_COVERAGE
686,NO_COVERAGE
687,NO_COVERAGE
688,NO_COVERAGE
689,NO_COVERAGE
690,NO_COVERAGE
691,NO_COVERAGE
692,NO_COVERAGE
693,NO_COVERAGE
694,NO_COVERAGE
695,NO_COVERAGE
696,NO_COVERAGE
697,SURVIVED
698,SURVIVED
699,NO_COVERAGE
700,NO_COVERAGE
701,NO_COVERAGE
702,NO_COVERAGE
703,NO_COVERAGE
704,NO_COVERAGE
705,NO_COVERAGE
706,NO_COVERAGE
707,NO_COVERAGE
708,NO_COVERAGE
709,NO_COVERAGE
710,NO_COVERAGE
711,NO_COVERAGE
712,SURVIVED
713,SURVIVED
714,SURVIVED
715,NO_COVERAGE
716,NO_COVERAGE
717,NO_COVERAGE
718,NO_COVERAGE
719,NO_COVERAGE
720,NO_COVERAGE
721,NO_COVERAGE
722,SURVIVED
723,SURVIVED
724,TIMED_OUT
725,NO_COVERAGE
726,NO_COVERAGE
727,NO_COVERAGE
728,NO_COVERAGE
729,NO_COVERAGE
730,NO_COVERAGE
731,NO_COVERAGE
732,NO_COVERAGE
733,NO_COVERAGE
734,NO_COVERAGE
735,NO_COVERAGE
736,NO_COVERAGE
737,NO_COVERAGE
738,NO_COVERAGE
739,NO_COVERAGE
740,NO_COVERAGE
741,NO_COVERAGE
742,NO_COVERAGE
743,NO_COVERAGE
744,NO_COVERAGE
745,NO_COVERAGE
746,NO_COVERAGE
747,NO_COVERAGE
748,NO_COVERAGE
749,NO_COVERAGE
750,NO_COVERAGE
751,NO_COVERAGE
752,NO_COVERAGE
753,NO_COVERAGE
754,NO_COVERAGE
755,NO_COVERAGE
756,NO_COVERAGE
757,NO_COVERAGE
758,NO_COVERAGE
759,NO_COVERAGE
760,NO_COVERAGE
761,NO_COVERAGE
762,SURVIVED
763,NO_COVERAGE
764,NO_COVERAGE
765,NO_COVERAGE
766,NO_COVERAGE
767,NO_COVERAGE
768,NO_COVERAGE
769,NO_COVERAGE
770,NO_COVERAGE
771,SURVIVED
772,SURVIVED
773,NO_COVERAGE
774,NO_COVERAGE
775,NO_COVERAGE
776,NO_COVERAGE
777,NO_COVERAGE
778,NO_COVERAGE
779,NO_COVERAGE
780,NO_COVERAGE
781,NO_COVERAGE
782,NO_COVERAGE
783,NO_COVERAGE
784,NO_COVERAGE
785,NO_COVERAGE
786,NO_COVERAGE
787,NO_COVERAGE
788,NO_COVERAGE
789,NO_COVERAGE
790,NO_COVERAGE
791,NO_COVERAGE
792,NO_COVERAGE
793,NO_COVERAGE
794,NO_COVERAGE
795,NO_COVERAGE
796,NO_COVERAGE
797,NO_COVERAGE
798,NO_COVERAGE
799,NO_COVERAGE
800,NO_COVERAGE
801,NO_COVERAGE
802,NO_COVERAGE
803,NO_COVERAGE
804,NO_COVERAGE
805,NO_COVERAGE
806,NO_COVERAGE
807,NO_COVERAGE
808,NO_COVERAGE
809,NO_COVERAGE
810,NO_COVERAGE
811,NO_COVERAGE
812,NO_COVERAGE
813,NO_COVERAGE
814,NO_COVERAGE
815,NO_COVERAGE
816,NO_COVERAGE
817,NO_COVERAGE
818,NO_COVERAGE
819,NO_COVERAGE
820,NO_COVERAGE
821,NO_COVERAGE
822,NO_COVERAGE
823,NO_COVERAGE
824,NO_COVERAGE
825,NO_COVERAGE
826,NO_COVERAGE
827,NO_COVERAGE
828,NO_COVERAGE
829,NO_COVERAGE
830,NO_COVERAGE
831,NO_COVERAGE
832,NO_COVERAGE
833,NO_COVERAGE
834,NO_COVERAGE
835,NO_COVERAGE
836,NO_COVERAGE
837,SURVIVED
838,SURVIVED
839,NO_COVERAGE
840,NO_COVERAGE
841,NO_COVERAGE
842,NO_COVERAGE
843,NO_COVERAGE
844,NO_COVERAGE
845,NO_COVERAGE
846,NO_COVERAGE
847,NO_COVERAGE
848,NO_COVERAGE
849,NO_COVERAGE
850,NO_COVERAGE
851,NO_COVERAGE
852,NO_COVERAGE
853,NO_COVERAGE
854,NO_COVERAGE
855,NO_COVERAGE
856,NO_COVERAGE
857,NO_COVERAGE
858,NO_COVERAGE
859,NO_COVERAGE
860,NO_COVERAGE
861,NO_COVERAGE
862,NO_COVERAGE
863,NO_COVERAGE
864,NO_COVERAGE
865,NO_COVERAGE
866,NO_COVERAGE
867,NO_COVERAGE
868,NO_COVERAGE
869,NO_COVERAGE
870,NO_COVERAGE
871,NO_COVERAGE
872,NO_COVERAGE
873,NO_COVERAGE
874,NO_COVERAGE
875,NO_COVERAGE
876,NO_COVERAGE
877,NO_COVERAGE
878,NO_COVERAGE
879,NO_COVERAGE
880,NO_COVERAGE
881,NO_COVERAGE
882,NO_COVERAGE
883,NO_COVERAGE
884,NO_COVERAGE
885,NO_COVERAGE
886,NO_COVERAGE
887,NO_COVERAGE
888,NO_COVERAGE
889,NO_COVERAGE
890,NO_COVERAGE
891,NO_COVERAGE
892,NO_COVERAGE
893,NO_COVERAGE
894,NO_COVERAGE
895,NO_COVERAGE
896,NO_COVERAGE
897,NO_COVERAGE
898,NO_COVERAGE
899,NO_COVERAGE
900,NO_COVERAGE
901,NO_COVERAGE
902,NO_COVERAGE
903,NO_COVERAGE
904,NO_COVERAGE
905,NO_COVERAGE
906,NO_COVERAGE
907,NO_COVERAGE
908,NO_COVERAGE
909,NO_COVERAGE
910,NO_COVERAGE
911,NO_COVERAGE
912,NO_COVERAGE
913,NO_COVERAGE
914,NO_COVERAGE
915,NO_COVERAGE
916,NO_COVERAGE
917,NO_COVERAGE
918,NO_COVERAGE
919,NO_COVERAGE
920,NO_COVERAGE
921,NO_COVERAGE
922,NO_COVERAGE
923,NO_COVERAGE
924,NO_COVERAGE
925,NO_COVERAGE
926,NO_COVERAGE
927,NO_COVERAGE
928,NO_COVERAGE
929,NO_COVERAGE
930,NO_COVERAGE
931,NO_COVERAGE
932,NO_COVERAGE
933,NO_COVERAGE
934,NO_COVERAGE
935,NO_COVERAGE
936,NO_COVERAGE
937,NO_COVERAGE
938,NO_COVERAGE
939,NO_COVERAGE
940,NO_COVERAGE
941,NO_COVERAGE
942,NO_COVERAGE
943,NO_COVERAGE
944,NO_COVERAGE
945,NO_COVERAGE
946,NO_COVERAGE
947,NO_COVERAGE
948,NO_COVERAGE
949,NO_COVERAGE
950,NO_COVERAGE
951,NO_COVERAGE
952,NO_COVERAGE
953,NO_COVERAGE
954,NO_COVERAGE
955,NO_COVERAGE
956,NO_COVERAGE
957,NO_COVERAGE
958,NO_COVERAGE
959,NO_COVERAGE
960,NO_COVERAGE
961,NO_COVERAGE
962,NO_COVERAGE
963,NO_COVERAGE
964,NO_COVERAGE
965,NO_COVERAGE
966,NO_COVERAGE
967,NO_COVERAGE
968,NO_COVERAGE
969,NO_COVERAGE
970,NO_COVERAGE
971,NO_COVERAGE
972,NO_COVERAGE
973,NO_COVERAGE
974,NO_COVERAGE
975,NO_COVERAGE
976,NO_COVERAGE
977,NO_COVERAGE
978,NO_COVERAGE
979,NO_COVERAGE
980,NO_COVERAGE
981,NO_COVERAGE
982,NO_COVERAGE
983,NO_COVERAGE
984,NO_COVERAGE
985,NO_COVERAGE
986,NO_COVERAGE
987,NO_COVERAGE
988,NO_COVERAGE
989,NO_COVERAGE
990,NO_COVERAGE
991,NO_COVERAGE
992,NO_COVERAGE
993,NO_COVERAGE
994,NO_COVERAGE
995,NO_COVERAGE
996,NO_COVERAGE
997,NO_COVERAGE
998,NO_COVERAGE
999,NO_COVERAGE
1000,NO_COVERAGE
1001,NO_COVERAGE
1002,NO_COVERAGE
1003,NO_COVERAGE
1004,NO_COVERAGE
1005,NO_COVERAGE
1006,NO_COVERAGE
1007,NO_COVERAGE
1008,NO_COVERAGE
1009,NO_COVERAGE
1010,NO_COVERAGE
1011,NO_COVERAGE
1012,NO_COVERAGE
1013,NO_COVERAGE
1014,NO_COVERAGE
1015,NO_COVERAGE
1016,NO_COVERAGE
1017,NO_COVERAGE
1018,NO_COVERAGE
1019,NO_COVERAGE
1020,NO_COVERAGE
1021,NO_COVERAGE
1022,NO_COVERAGE
1023,NO_COVERAGE
1024,NO_COVERAGE
1025,NO_COVERAGE
1026,NO_COVERAGE
1027,NO_COVERAGE
1028,NO_COVERAGE
1029,NO_COVERAGE
1030,NO_COVERAGE
1031,NO_COVERAGE
1032,NO_COVERAGE
1033,NO_COVERAGE
1034,NO_COVERAGE
1035,NO_COVERAGE
1036,NO_COVERAGE
1037,NO_COVERAGE
1038,KILLED,22
1039,KILLED,22
1040,KILLED,22
1041,KILLED,22
1042,SURVIVED
1043,SURVIVED
1044,SURVIVED
1045,KILLED,22
1046,KILLED,22
1047,KILLED,22
1048,KILLED,22
1049,KILLED,22
1050,SURVIVED
1051,SURVIVED
1052,SURVIVED
1053,KILLED,22
1054,KILLED,22
1055,KILLED,22
1056,KILLED,22
1057,KILLED,22
1058,SURVIVED
1059,SURVIVED
1060,SURVIVED
1061,KILLED,22
1062,KILLED,22
1063,KILLED,22
1064,KILLED,22
1065,KILLED,22
1066,SURVIVED
1067,SURVIVED
1068,SURVIVED
1069,KILLED,22
1070,KILLED,22,55
1071,KILLED,22,55
1072,KILLED,22,55
1073,KILLED,22,55
1074,KILLED,55
1075,KILLED,55
1076,KILLED,55
1077,KILLED,22,55
1078,KILLED,22
1079,KILLED,22
1080,KILLED,22
1081,KILLED,22
1082,SURVIVED
1083,SURVIVED
1084,SURVIVED
1085,KILLED,22
1086,KILLED,22
1087,KILLED,22
1088,KILLED,22
1089,KILLED,22
1090,SURVIVED
1091,SURVIVED
1092,SURVIVED
1093,KILLED,22
1094,KILLED,22
1095,KILLED,22
1096,KILLED,22
1097,KILLED,22
1098,SURVIVED
1099,SURVIVED
1100,SURVIVED
1101,KILLED,22
1102,KILLED,28,29
1103,KILLED,28,30,22,29
1104,KILLED,28,30,22,29
1105,KILLED,28,39,38,21,30,24,23,35,55,29
1106,KILLED,28,39,38,21,30,24,23,35,55,29
1107,KILLED,28,39,38,21,30,24,23,35,55,29
1108,KILLED,28,39,38,21,30,24,23,35,55,29
1109,KILLED,28,39,38,21,30,24,23,35,55,29
1110,KILLED,28,39,38,21,30,24,23,35,55,29
1111,KILLED,28,39,38,21,30,24,23,35,55,29
1112,KILLED,28,38,21,24,23,55,29
1113,KILLED,28,39,38,21,30,24,23,35,55,29
1114,KILLED,28,39,38,21,30,24,23,35,55,29
1115,TIMED_OUT
1116,KILLED,30,22,35,55,29
1117,KILLED,30,22,35,55,29
1118,NO_COVERAGE
1119,NO_COVERAGE
1120,NO_COVERAGE
1121,NO_COVERAGE
1122,NO_COVERAGE
1123,NO_COVERAGE
1124,NO_COVERAGE
1125,NO_COVERAGE
1126,NO_COVERAGE
1127,NO_COVERAGE
1128,NO_COVERAGE
1129,NO_COVERAGE
1130,NO_COVERAGE
1131,NO_COVERAGE
1132,NO_COVERAGE
1133,NO_COVERAGE
1134,NO_COVERAGE
1135,NO_COVERAGE
1136,KILLED,28,39,38,21,30,24,23,22,35,55,29
1137,KILLED,28,39,38,21,30,24,23,22,35,55,29
1138,KILLED,28,39,38,21,30,24,23,22,35,55,29
1139,KILLED,25
1140,KILLED,25
1141,KILLED,25
1142,KILLED,25
1143,KILLED,25
1144,KILLED,25
1145,KILLED,25
1146,KILLED,25
1147,KILLED,25
1148,KILLED,25
1149,KILLED,25
1150,KILLED,25
1151,SURVIVED
1152,SURVIVED
1153,SURVIVED
1154,SURVIVED
1155,SURVIVED
1156,KILLED,25
1157,TIMED_OUT
1158,KILLED,25
1159,KILLED,25
1160,KILLED,25
1161,KILLED,25
1162,KILLED,25
1163,KILLED,25
1164,SURVIVED
1165,NO_COVERAGE
1166,NO_COVERAGE
1167,NO_COVERAGE
1168,NO_COVERAGE
1169,NO_COVERAGE
1170,NO_COVERAGE
1171,NO_COVERAGE
1172,NO_COVERAGE
1173,KILLED,25
1174,SURVIVED
1175,KILLED,25
1176,KILLED,25
1177,KILLED,25
1178,KILLED,25
1179,KILLED,25
1180,KILLED,25
1181,KILLED,25
1182,KILLED,25
1183,SURVIVED
1184,KILLED,25
1185,KILLED,25
1186,KILLED,25
1187,KILLED,25
1188,KILLED,25
1189,KILLED,25
1190,KILLED,25
1191,KILLED,25
1192,KILLED,25
1193,KILLED,25
1194,KILLED,25
1195,KILLED,25
1196,KILLED,25
1197,KILLED,25
1198,SURVIVED
1199,KILLED,25
1200,KILLED,25
1201,KILLED,25
1202,KILLED,25
1203,KILLED,25
1204,KILLED,25
1205,KILLED,25
1206,KILLED,25
1207,KILLED,25
1208,KILLED,25
1209,KILLED,25
1210,KILLED,25
1211,KILLED,25
1212,KILLED,25
1213,KILLED,25
1214,KILLED,25
1215,SURVIVED
1216,KILLED,25
1217,KILLED,25
1218,KILLED,25
1219,KILLED,25
1220,KILLED,25
1221,KILLED,25
1222,KILLED,25
1223,KILLED,25
1224,KILLED,25
1225,TIMED_OUT
1226,TIMED_OUT
1227,KILLED,25
1228,TIMED_OUT
1229,TIMED_OUT
1230,KILLED,15,18,13,14,16,17
1231,KILLED,15,18,13,14,16,17
1232,NO_COVERAGE
1233,NO_COVERAGE
1234,NO_COVERAGE
1235,NO_COVERAGE
1236,NO_COVERAGE
1237,KILLED,15,18,13,14,16,17
1238,KILLED,15,18,13,14,16,17
1239,KILLED,18,16,17
1240,KILLED,15,18,13,16
1241,KILLED,15,18,13,14,16,17
1242,KILLED,15,18,13,14,16,17
1243,KILLED,15,18,13,14,16,17
1244,KILLED,14,17
1245,KILLED,15,18,13,14,16,17
1246,KILLED,15,18,13,14,16,17
1247,KILLED,15,18,13,14,16,17
1248,KILLED,15,18,13,14,16,17
1249,KILLED,18,16,17
1250,KILLED,18,16,17
1251,KILLED,18,16,17
1252,KILLED,18,16
1253,KILLED,18,16,17
1254,KILLED,18,16,17
1255,KILLED,18,16,17
1256,KILLED,18,16
1257,KILLED,15,18,13,14,16,17
1258,KILLED,15,18,13,14,16,17
1259,KILLED,15,18,13,14,16,17
1260,KILLED,15,18,13,14,16,17
1261,KILLED,15,18,13,14,16,17
1262,KILLED,15,18,13,14,16,17
1263,KILLED,15,18,13,14,16,17
1264,KILLED,15,18,13,14,16,17
1265,KILLED,15,18,13,14,16,17
1266,KILLED,15,18,13,14,16,17
1267,KILLED,15,18,13,14,16,17
1268,KILLED,15,18,13,14,16,17
1269,KILLED,15,18,13,14,16,17
1270,KILLED,15,18,13,14,16,17
1271,KILLED,15,18,13,14,16,17
1272,KILLED,15,18,13,14,16,17
1273,KILLED,15,18,13,14,16,17
1274,KILLED,15,13,14
1275,KILLED,18,16,17
1276,KILLED,18,16,17
1277,KILLED,18,16,17
1278,KILLED,18,16,17
1279,KILLED,18,16,17
1280,KILLED,18,16,17
1281,KILLED,18,16,17
1282,KILLED,18,16,17
1283,KILLED,18,16,17
1284,KILLED,18,16,17
1285,KILLED,18,16,17
1286,KILLED,18,16,17
1287,KILLED,18,16,17
1288,KILLED,18,16,17
1289,KILLED,18,16,17
1290,KILLED,18,16,17
1291,KILLED,18,16,17
1292,KILLED,18,16,17
1293,KILLED,15,18,13,14,16,17
1294,KILLED,18,16,17
1295,KILLED,15,13,14
1296,KILLED,15,18,13,14,16,17
1297,KILLED,43,25
1298,KILLED,43,25
1299,KILLED,43,25
1300,KILLED,43,25
1301,SURVIVED
1302,NO_COVERAGE
1303,NO_COVERAGE
1304,KILLED,43,25
1305,KILLED,43,25
1306,KILLED,43,25
1307,KILLED,43,25
1308,KILLED,43,25
1309,KILLED,43,25
1310,NO_COVERAGE
1311,NO_COVERAGE
1312,NO_COVERAGE
1313,NO_COVERAGE
1314,NO_COVERAGE
1315,NO_COVERAGE
1316,KILLED,43,25
1317,KILLED,43,25
1318,KILLED,25
1319,KILLED,43,25
1320,KILLED,43,25
1321,SURVIVED
1322,KILLED,43,25
1323,SURVIVED
1324,KILLED,43,25
1325,KILLED,25
1326,TIMED_OUT
1327,NO_COVERAGE
1328,NO_COVERAGE
1329,NO_COVERAGE
1330,NO_COVERAGE
1331,NO_COVERAGE
1332,NO_COVERAGE
1333,NO_COVERAGE
1334,NO_COVERAGE
1335,KILLED,43,25
1336,KILLED,43,25
1337,KILLED,43,25
1338,KILLED,44,45
1339,KILLED,44,45
1340,NO_COVERAGE
1341,NO_COVERAGE
1342,KILLED,44,45
1343,SURVIVED
1344,KILLED,44,45
1345,KILLED,44,45
1346,KILLED,44,45
1347,KILLED,44,45
1348,KILLED,44,45
1349,KILLED,44,45
1350,NO_COVERAGE
1351,NO_COVERAGE
1352,NO_COVERAGE
1353,KILLED,44,45
1354,SURVIVED
1355,SURVIVED
1356,KILLED,44,45
1357,SURVIVED
1358,NO_COVERAGE
1359,NO_COVERAGE
1360,NO_COVERAGE
1361,NO_COVERAGE
1362,NO_COVERAGE
1363,NO_COVERAGE
1364,NO_COVERAGE
1365,NO_COVERAGE
1366,NO_COVERAGE
1367,KILLED,44,45
1368,KILLED,44,45
1369,KILLED,44,45
1370,KILLED,44,45
1371,KILLED,44,45
1372,KILLED,44,45
1373,KILLED,42,15,31,11
1374,NO_COVERAGE
1375,NO_COVERAGE
1376,NO_COVERAGE
1377,NO_COVERAGE
1378,NO_COVERAGE
1379,NO_COVERAGE
1380,NO_COVERAGE
1381,NO_COVERAGE
1382,NO_COVERAGE
1383,NO_COVERAGE
1384,NO_COVERAGE
1385,NO_COVERAGE
1386,NO_COVERAGE
1387,NO_COVERAGE
1388,NO_COVERAGE
1389,NO_COVERAGE
1390,SURVIVED
1391,SURVIVED
1392,SURVIVED
1393,SURVIVED
1394,KILLED,42,15,31,11
1395,SURVIVED
1396,KILLED,42,31
1397,KILLED,42,31
1398,KILLED,15,11
1399,SURVIVED
1400,SURVIVED
1401,KILLED,42,31
1402,KILLED,15,11
1403,KILLED,46
1404,KILLED,46
1405,KILLED,46
1406,KILLED,46
1407,KILLED,46
1408,SURVIVED
1409,SURVIVED
1410,SURVIVED
1411,SURVIVED
1412,SURVIVED
1413,KILLED,46
1414,TIMED_OUT
1415,KILLED,46
1416,KILLED,46
1417,KILLED,46
1418,KILLED,46
1419,KILLED,46
1420,KILLED,46
1421,SURVIVED
1422,NO_COVERAGE
1423,NO_COVERAGE
1424,NO_COVERAGE
1425,NO_COVERAGE
1426,NO_COVERAGE
1427,NO_COVERAGE
1428,NO_COVERAGE
1429,NO_COVERAGE
1430,KILLED,46
1431,KILLED,46
1432,KILLED,46
1433,KILLED,41,40
1434,NO_COVERAGE
1435,NO_COVERAGE
1436,NO_COVERAGE
1437,NO_COVERAGE
1438,NO_COVERAGE
1439,NO_COVERAGE
1440,NO_COVERAGE
1441,NO_COVERAGE
1442,NO_COVERAGE
1443,NO_COVERAGE
1444,NO_COVERAGE
1445,NO_COVERAGE
1446,NO_COVERAGE
1447,NO_COVERAGE
1448,NO_COVERAGE
1449,NO_COVERAGE
1450,SURVIVED
1451,SURVIVED
1452,KILLED,41,40
1453,SURVIVED
1454,KILLED,41,40
1455,KILLED,41,40
1456,NO_COVERAGE
1457,SURVIVED
1458,SURVIVED
1459,KILLED,41,40
1460,NO_COVERAGE
1461,NO_COVERAGE
1462,NO_COVERAGE
1463,NO_COVERAGE
1464,NO_COVERAGE
1465,NO_COVERAGE
1466,NO_COVERAGE
1467,NO_COVERAGE
1468,NO_COVERAGE
1469,NO_COVERAGE
1470,NO_COVERAGE
1471,NO_COVERAGE
1472,NO_COVERAGE
1473,NO_COVERAGE
1474,NO_COVERAGE
1475,NO_COVERAGE
1476,NO_COVERAGE
1477,NO_COVERAGE
1478,NO_COVERAGE
1479,NO_COVERAGE
1480,NO_COVERAGE
1481,NO_COVERAGE
1482,NO_COVERAGE
1483,NO_COVERAGE
1484,NO_COVERAGE
1485,NO_COVERAGE
1486,NO_COVERAGE
1487,NO_COVERAGE
1488,KILLED,32
1489,KILLED,32
1490,KILLED,32
1491,SURVIVED
1492,KILLED,32
1493,SURVIVED
1494,KILLED,32
1495,KILLED,32
1496,SURVIVED
1497,SURVIVED
1498,KILLED,32
1499,TIMED_OUT
1500,NO_COVERAGE
1501,NO_COVERAGE
1502,NO_COVERAGE
1503,NO_COVERAGE
1504,NO_COVERAGE
1505,NO_COVERAGE
1506,NO_COVERAGE
1507,NO_COVERAGE
1508,KILLED,32
1509,KILLED,32
1510,KILLED,32
1511,KILLED,34,49,15,18,13,14,16,17,35
1512,KILLED,35
1513,KILLED,34,49,35
1514,KILLED,34,49,35
1515,KILLED,15,18,13,14,16,17,35
1516,KILLED,34,49,15,18,13,14,16,17,35
1517,KILLED,15,18,13,14,16,17
1518,KILLED,34,49,35
1519,KILLED,34,49,35
1520,KILLED,35
1521,KILLED,15,18,13,14,16,17
1522,KILLED,35
1523,KILLED,15,18,13,14,16,17
1524,KILLED,35
1525,NO_COVERAGE
1526,NO_COVERAGE
1527,NO_COVERAGE
1528,NO_COVERAGE
1529,NO_COVERAGE
1530,KILLED,34,49,18,14,16,17,35
1531,KILLED,34,49,15,18,13,14,16,17,35
1532,KILLED,34,49,15,18,13,14,16,17,35
1533,KILLED,38,21,30,15,23,18,56,37,13,14,16,17,35,55,29
1534,KILLED,39,38,49,21,43,30,15,24,23,18,56,37,13,14,16,17,35,55,11,29
1535,KILLED,39,38,49,21,43,30,15,24,23,18,56,37,13,14,16,17,35,55,11,29
1536,KILLED,39,38,49,21,43,15,24,23,18,56,37,13,14,16,17,55,11
1537,KILLED,39,38,49,21,43,15,24,23,18,56,37,13,14,16,17,55,11
1538,NO_COVERAGE
1539,NO_COVERAGE
1540,NO_COVERAGE
1541,NO_COVERAGE
1542,NO_COVERAGE
1543,NO_COVERAGE
1544,NO_COVERAGE
1545,NO_COVERAGE
1546,KILLED,39,38,49,21,43,30,15,24,23,18,13,14,16,17,35,55,11,29
1547,KILLED,39,38,49,21,43,30,15,24,23,18,13,14,16,17,35,55,11,29
1548,KILLED,39,38,49,21,43,30,15,24,23,18,13,14,16,17,35,55,11,29
1549,KILLED,15,18
1550,KILLED,15,18
1551,KILLED,15,18
1552,NO_COVERAGE
1553,NO_COVERAGE
1554,NO_COVERAGE
1555,NO_COVERAGE
1556,NO_COVERAGE
1557,NO_COVERAGE
1558,NO_COVERAGE
1559,KILLED,15,18
1560,KILLED,15,18
1561,KILLED,15,18
