1,KILLED,30,21
2,KILLED,30,14,13,11,29,32,21,17,24,39,31,33,7,9,3,50,2,56,27
3,SURVIVED
4,SURVIVED
5,TIMED_OUT
6,KILLED,4,16,35,36,25,18,26,11,29,24,39,31,20,33,15,1,50,56,27
7,SURVIVED
8,SURVIVED
9,KILLED,16,35,36,26,11,29,24,31,20,33,50,56,27
10,SURVIVED
11,KILLED,16,35,36,26,11,29,24,31,20,33,50,56,27
12,SURVIVED
13,KILLED,16,35,18,26,11,29,24,31,20,33,50,56,27
14,KILLED,16,35,18,26,11,29,24,31,20,33,50,56,27
15,KILLED,16,35,26,11,29,24,31,20,33,50,56,27
16,KILLED,16,35,26,11,29,24,31,20,33,50,56,27
17,SURVIVED
18,KILLED,16,36,26,11,29,24,31,20,33,1,50,56,27
19,KILLED,16,36,26,11,29,24,31,20,33,50,56,27
20,KILLED,16,36,26,11,29,24,31,20,33,50,56,27
21,KILLED,16,36,18,26,11,29,24,31,20,33,50,56,27
22,TIMED_OUT
23,TIMED_OUT
24,KILLED,16,35,36,26,11,29,24,31,20,33,1,50,56,27
25,TIMED_OUT
26,KILLED,16,8,35,36,18,26,11,29,24,39,31,20,33,15,9,1,50,56,27
27,TIMED_OUT
28,KILLED,16,35,36,26,11,29,24,31,20,33,50,56,27
29,TIMED_OUT
30,TIMED_OUT
31,TIMED_OUT
32,TIMED_OUT
33,TIMED_OUT
34,TIMED_OUT
35,TIMED_OUT
36,TIMED_OUT
37,TIMED_OUT
38,TIMED_OUT
39,KILLED,25,31,1,50,27
40,SURVIVED
41,SURVIVED
42,SURVIVED
43,KILLED,16,35,36,18,26,11,29,24,39,31,20,33,7,15,9,1,50,56,27
44,TIMED_OUT
45,TIMED_OUT
46,TIMED_OUT
47,TIMED_OUT
48,TIMED_OUT
49,TIMED_OUT
50,TIMED_OUT
51,TIMED_OUT
52,KILLED,16,30,35,36,26,14,13,11,29,32,21,17,24,39,31,20,33,7,9,1,50,56,27
53,TIMED_OUT
54,TIMED_OUT
55,TIMED_OUT
56,TIMED_OUT
57,TIMED_OUT
58,TIMED_OUT
59,KILLED,39,33,15
60,KILLED,39,33,15
61,KILLED,39,33,15
62,KILLED,13,39,33,15,56
63,TIMED_OUT
64,TIMED_OUT
65,TIMED_OUT
66,KILLED,15
67,TIMED_OUT
68,SURVIVED
69,TIMED_OUT
70,KILLED,39,33,15
71,SURVIVED
72,KILLED,50
73,KILLED,31,33,50,56,27
74,KILLED,31,33,50,56,27
75,KILLED,14,13,5,11,29,32,22,17,24,39,31,33,7,9,3,1,50,2,56,27
76,KILLED,31,33,50,56,27
77,KILLED,31,33,50,56,27
78,KILLED,31,33,50,56,27
79,KILLED,14,13,5,11,29,32,22,17,24,39,31,33,7,9,3,1,50,2,56,27
80,TIMED_OUT
81,TIMED_OUT
82,TIMED_OUT
83,TIMED_OUT
84,TIMED_OUT
85,KILLED,16,11,29
86,KILLED,16,8,35,36,26,11,29,24,31,20,33,50,56,27
87,TIMED_OUT
88,KILLED,16,35,36,26,11,29,24,31,20,33,50,56,27
89,KILLED,16,35,36,26,11,29,24,31,20,33,50,56,27
90,KILLED,16,35,36,26,11,29,24,31,20,33,50,56,27
91,TIMED_OUT
92,KILLED,4,16,8,35,36,25,18,26,28,19,13,11,29,24,39,31,12,20,33,7,15,9,3,1,50,2,56,27
93,KILLED,16,35,36,26,11,29,24,20,33,50,56
94,KILLED,16,8,35,36,26,11,29,24,20,33,50,56
95,TIMED_OUT
96,TIMED_OUT
97,TIMED_OUT
98,NO_COVERAGE
99,NO_COVERAGE
100,NO_COVERAGE
101,KILLED,28,11,29,31,7,9,50,27
102,KILLED,28,50
103,KILLED,28,50
104,KILLED,28,11,29,31,7,9,50,27
105,KILLED,28,11,29,31,7,9,50,27
106,KILLED,28,11,29,31,7,9,50,27
107,SURVIVED
108,KILLED,28,11,29,31,7,9,50,27
109,KILLED,28,11,29,31,7,9,50,27
110,KILLED,28,11,29,31,7,9,50,27
111,KILLED,28,50
112,SURVIVED
113,SURVIVED
114,KILLED,50
115,NO_COVERAGE
116,KILLED,28,11,29,31,7,9,50,27
117,KILLED,28,50
118,KILLED,35,36,14,32,17,24,31,7,9,50
119,TIMED_OUT
120,KILLED,32,17,31,7,9
121,KILLED,35,36,14,32,17,24,31,7,9,50
122,SURVIVED
123,KILLED,35,36,14,32,17,24,31,7,9,50
124,KILLED,35,36,14,32,17,24,31,7,9,50
125,KILLED,35,36,14,32,17,24,31,7,9,50
126,KILLED,35,36,14,32,17,24,31,7,9,50
127,KILLED,35,36,14,32,17,24,31,7,9,50
128,KILLED,35,36,14,32,17,24,31,7,9,50
129,KILLED,35,36,14,32,17,24,31,7,9,50
130,KILLED,35,36,14,32,17,24,31,7,9,50
131,KILLED,35,36,14,32,17,24,31,7,9,50
132,KILLED,35,36,14,32,17,24,31,7,9,50
133,KILLED,35,36,14,32,17,24,31,7,9,50
134,KILLED,35,36,14,32,17,24,9,50
135,KILLED,35,36,14,32,17,24,31,7,9,50
136,KILLED,35,36,14,32,17,24,31,7,9,50
137,KILLED,35,36,14,32,17,24,31,7,9,50
138,TIMED_OUT
139,KILLED,35,36,14,32,17,24,31,9
140,TIMED_OUT
141,KILLED,9
142,KILLED,9
143,NO_COVERAGE
144,NO_COVERAGE
145,KILLED,9
146,KILLED,9
147,KILLED,9
148,KILLED,9
149,KILLED,9
150,KILLED,9
151,KILLED,9
152,KILLED,9
153,KILLED,9
154,KILLED,9
155,KILLED,9
156,KILLED,9
157,KILLED,9
158,NO_COVERAGE
159,NO_COVERAGE
160,NO_COVERAGE
161,KILLED,9
162,KILLED,9
163,KILLED,9
164,KILLED,9
165,KILLED,9
166,KILLED,9
167,SURVIVED
168,KILLED,9
169,KILLED,9
170,KILLED,9
171,KILLED,9
172,KILLED,9
173,KILLED,9
174,TIMED_OUT
175,KILLED,5,29,32,22,17,24,50,27
176,KILLED,5,29,32,22,17,24,50,27
177,KILLED,5,29,32,22,17,24,50,27
178,KILLED,5,29,32,22,17,24,50,27
179,SURVIVED
180,KILLED,5,29,32,22,17,24,50,27
181,KILLED,5,29,32,22,17,24,50,27
182,SURVIVED
183,KILLED,27
184,KILLED,27
185,KILLED,27
186,KILLED,27
187,SURVIVED
188,KILLED,27
189,KILLED,27
190,KILLED,27
191,KILLED,27
192,KILLED,27
193,KILLED,29,32,17,24,50,27
194,KILLED,29,32,17,24,50,27
195,KILLED,5,29,32,22,17,24,50,27
196,KILLED,29,32,17,24,50,27
197,KILLED,29,32,17,24,50,27
198,KILLED,29,32,17,24,50,27
199,KILLED,29,32,17,24,50,27
200,KILLED,27
201,KILLED,27
202,SURVIVED
203,SURVIVED
204,KILLED,17,24,50,27
205,SURVIVED
206,SURVIVED
207,KILLED,27
208,KILLED,29,32,17,24,50,27
209,KILLED,29,32,17,24,50,27
210,KILLED,29,32,17,24,50,27
211,SURVIVED
212,KILLED,5,29,32,22,17,24,50,27
213,SURVIVED
214,KILLED,5,29,22,17,27
215,KILLED,29,32,17,24,50,27
216,KILLED,29,32,17,24,50,27
217,KILLED,29,32,17,24,50,27
218,KILLED,29,32,17,24,50,27
219,KILLED,27
220,KILLED,29,32,17,24,50,27
221,KILLED,29,32,17,24,50,27
222,KILLED,27
223,KILLED,29,32,17,24,50,27
224,KILLED,5,29,32,22,17,24,50,27
225,KILLED,5,29,32,22,17,24,50,27
226,KILLED,5,29,32,22,17,24,50,27
227,KILLED,29,32,17,24,50,27
228,KILLED,27
229,KILLED,29,32,17,24,50,27
230,KILLED,29,32,17,24,50,27
231,KILLED,27
232,KILLED,27
233,KILLED,29,32,17,24,50,27
234,KILLED,29,32,17,24,50,27
235,KILLED,27
236,KILLED,29,32,17,24,50,27
237,KILLED,29,32,17,24,50,27
238,KILLED,5,29,32,22,17,24,50,27
239,KILLED,5,29,32,22,17,24,50,27
240,KILLED,5,29,32,22,17,24,50,27
241,KILLED,29,32,17,24,50,27
242,KILLED,29,32,17,24,50,27
243,KILLED,27
244,SURVIVED
245,KILLED,29,32,17,24,50,27
246,TIMED_OUT
247,TIMED_OUT
248,TIMED_OUT
249,KILLED,11,39,33,2,56
250,KILLED,13,11,39,33,3,2,56
251,KILLED,13,11,39,33,3,2,56
252,KILLED,33,3,2,56
253,KILLED,13,11,39,33,3,2,56
254,SURVIVED
255,SURVIVED
256,SURVIVED
257,KILLED,33
258,SURVIVED
259,SURVIVED
260,SURVIVED
261,SURVIVED
262,KILLED,33
263,SURVIVED
264,KILLED,33
265,TIMED_OUT
266,KILLED,11,39,33,56
267,TIMED_OUT
268,TIMED_OUT
269,KILLED,11,39,33,56
270,KILLED,13,11,39,33,56
271,TIMED_OUT
272,KILLED,11,39,33,56
273,KILLED,33,56
274,KILLED,33,56
275,KILLED,33,56
276,KILLED,33,56
277,KILLED,33,3,2,56
278,KILLED,33,56
279,KILLED,33,56
280,KILLED,13,39,33,3,2,56
281,KILLED,11,39,33,56
282,KILLED,33,3,2,56
283,KILLED,13,11,39,33,3,2,56
284,KILLED,33,3,2,56
285,KILLED,13,11,39,33,3,2,56
286,TIMED_OUT
287,TIMED_OUT
288,TIMED_OUT
289,KILLED,13,11,39,33,3,2,56
290,KILLED,33
291,TIMED_OUT
292,KILLED,13,11,39,33,56
293,KILLED,33,56
294,KILLED,13,11,39,33,3,2,56
295,TIMED_OUT
296,KILLED,13,11,39,33,3,2,56
297,KILLED,13,11,39,33,3,2,56
298,KILLED,13,11,39,33,3,2,56
299,KILLED,11,39,33,56
300,KILLED,11,39,33,56
301,KILLED,33,56
302,TIMED_OUT
303,TIMED_OUT
304,KILLED,33,56
305,KILLED,33,56
306,KILLED,11,39,33,56
307,KILLED,11,39,33,56
308,KILLED,33,56
309,KILLED,11,39,33,56
310,TIMED_OUT
311,TIMED_OUT
312,KILLED,13,11,39,33,3,2,56
313,KILLED,13,11,39,33,3,2,56
314,TIMED_OUT
315,KILLED,13,11,39,33,56
316,KILLED,33,3,2,56
317,KILLED,33,3,2,56
318,TIMED_OUT
319,TIMED_OUT
320,KILLED,11,39,33,56
321,TIMED_OUT
322,TIMED_OUT
323,KILLED,13,11,39,33,3,2,56
324,KILLED,13,11,39,33,3,2,56
325,KILLED,26
326,KILLED,26
327,KILLED,26
328,KILLED,5,22,1,50
329,KILLED,5,17,1,50
330,KILLED,5,17,1,50
331,KILLED,5,17,1,50
332,KILLED,5,17,1,50
333,KILLED,5,17,1,50
334,KILLED,5,17,1,50
335,KILLED,5,17,1,50
336,KILLED,5,22,17,1,50
337,KILLED,5,22,17,1,50
338,KILLED,5,17,1,50
339,KILLED,5,22,17,1,50
340,KILLED,5,17,1,50
341,KILLED,5,17,1,50
342,KILLED,5,17,1,50
343,KILLED,5,17,1,50
344,KILLED,5,17,1,50
345,KILLED,5,22,17,1,50
346,KILLED,5,33,3,1,50,2,56,27
347,KILLED,5,27
348,KILLED,5,27
349,KILLED,19
350,KILLED,19
351,SURVIVED
352,KILLED,4
353,KILLED,4
354,KILLED,4
355,KILLED,4,19
356,KILLED,19
357,KILLED,19
358,SURVIVED
359,KILLED,19
360,KILLED,4
361,KILLED,4
362,KILLED,14,17,24,31,7,50
363,KILLED,14,17,24,31,7,50
364,KILLED,14,17,24,31,50
365,TIMED_OUT
366,KILLED,14,17,24,31,7,50
367,KILLED,17,7
368,KILLED,14,17,24,31,50
369,KILLED,14,5,22,17,24,31,7,1,50
370,KILLED,14,5,22,17,24,31,7,1,50
371,KILLED,14,17,24,31,7,50
372,KILLED,14,5,17,24,31,7,1,50
373,KILLED,14,5,17,24,31,7,1,50
374,KILLED,14,17,24,31,7,50
375,KILLED,14,17,24,31,7,50
376,KILLED,14,17,24,31,50
377,TIMED_OUT
378,KILLED,14,17,24,31,7,50
379,KILLED,17,31
380,KILLED,14,17,24,31,50
381,KILLED,14,5,22,17,24,31,7,1,50
382,KILLED,14,5,22,17,24,31,7,1,50
383,KILLED,14,17,24,31,7,50
384,KILLED,14,5,22,17,24,31,7,1,50
385,KILLED,14,5,22,17,24,31,7,1,50
386,KILLED,36,32,17,24,7,9,50
387,SURVIVED
388,KILLED,35,32,17,24,31,7,9,50
389,KILLED,35,32,17,24,31,7,9,50
390,KILLED,36,32,17,24,31,7,9,50
391,KILLED,36,32,17,24,31,7,9,50
392,SURVIVED
393,KILLED,14,17,7,9
394,KILLED,14,17,7,9,50
395,KILLED,14,17,7,9
396,KILLED,14,17,7,9
397,KILLED,14,17,7,9
398,KILLED,36,32,17,24,31,7,9,50
399,KILLED,35,32,17,24,31,7,9,50
400,KILLED,36,32,17,24,31,7,9,50
401,KILLED,14,17,7,9
402,KILLED,14,17,7,9
403,KILLED,14,17,7,9
404,KILLED,36,14,32,17,24,31,7,9,50
405,KILLED,36,32,17,24,31,7,9,50
406,KILLED,14,17,7,9
407,KILLED,35,36,5,32,17,24,31,7,9,1,50
408,KILLED,14,22,17,7,9,50
409,KILLED,5,33,3,2,56
410,KILLED,35,14,32,17,24,31,7,9,50
411,KILLED,35,14,32,17,24,31,7,9,50
412,KILLED,14,17,7,9
413,SURVIVED
414,KILLED,35,14,32,17,24,31,7,9,50
415,KILLED,35,14,32,17,24,31,7,9,50
416,KILLED,14,17,7,9
417,KILLED,35,14,32,17,24,31,7,9,50
418,KILLED,35,14,5,32,22,17,24,31,7,9,1,50
419,KILLED,35,14,32,17,24,31,7,9,50
420,KILLED,35,14,5,32,22,17,24,31,7,9,1,50
421,KILLED,35,14,5,32,22,17,24,31,7,9,1,50
422,KILLED,36,14,32,17,24,31,7,9,50
423,KILLED,14,17,7,9
424,SURVIVED
425,KILLED,36,14,32,17,24,31,7,9,50
426,KILLED,36,14,32,17,24,31,7,9,50
427,KILLED,14,17,7,9
428,KILLED,36,14,5,32,22,17,24,31,7,9,1,50
429,KILLED,36,14,32,17,24,31,7,9,50
430,KILLED,36,14,5,32,22,17,24,31,7,9,1,50
431,KILLED,36,14,5,32,22,17,24,31,7,9,1,50
432,KILLED,14,17,24,31,7
433,KILLED,14,17,24,31,7
434,KILLED,14,17,24,31
435,TIMED_OUT
436,KILLED,14,17,24,31,7
437,KILLED,17,31,7
438,KILLED,14,17,24,31
439,KILLED,14,5,22,17,24,31,7,1,50
440,KILLED,14,5,22,17,24,31,7,1,50
441,KILLED,14,17,24,31,7
442,KILLED,14,5,22,17,24,31,7,1,50
443,KILLED,14,5,22,17,24,31,7,1,50
444,KILLED,14,32,17,24,31,7
445,KILLED,14,32,17,24,31,7
446,KILLED,14,32,17,24,31
447,KILLED,14,32,17,24,31,7
448,KILLED,14,32,17,24,31,7
449,KILLED,7
450,KILLED,14,32,17,24,31
451,KILLED,14,5,32,22,17,24,31,7,1,50
452,KILLED,14,5,32,22,17,24,31,7,1,50
453,KILLED,14,32,17,24,31,7
454,KILLED,14,5,32,17,24,31,7,1,50
455,KILLED,14,5,32,17,24,31,7,1,50
456,SURVIVED
457,SURVIVED
458,SURVIVED
459,SURVIVED
460,SURVIVED
461,SURVIVED
462,SURVIVED
463,SURVIVED
464,SURVIVED
465,SURVIVED
466,KILLED,28
467,SURVIVED
468,NO_COVERAGE
469,SURVIVED
470,KILLED,1
471,KILLED,18,1
472,KILLED,34,18,20,1
473,KILLED,34,18,20,1
474,SURVIVED
475,KILLED,34,18,20,1
476,NO_COVERAGE
477,KILLED,18
478,KILLED,14,32,17,24,31,7,50
479,KILLED,14,17,24,31,7,50
480,SURVIVED
481,KILLED,14,32,17,24,31,7,50
482,KILLED,14,32,17,24,31,7,50
483,KILLED,14,32,17,24,31,50
484,TIMED_OUT
485,KILLED,13,11,33,3,2
486,KILLED,13,11,33,3,2
487,TIMED_OUT
488,TIMED_OUT
489,KILLED,13,11,39,33,3,2,56
490,KILLED,13,11,39,33,3,2,56
491,TIMED_OUT
492,TIMED_OUT
493,TIMED_OUT
494,KILLED,16,11,39,33,56
495,KILLED,39
496,KILLED,39
497,KILLED,39
498,KILLED,14,32,17,24,31,7,9,50
499,KILLED,14,5,32,22,17,24,31,7,9,1,50
500,TIMED_OUT
501,KILLED,14,32,17,24,31,7,9,50
502,TIMED_OUT
503,KILLED,14,32,17,24,31,7,9,50
504,KILLED,14,32,17,24,31,7,9,50
505,TIMED_OUT
506,KILLED,14,32,17,24,31,7,9,50
507,KILLED,14,32,17,24,31,7,9,50
508,SURVIVED
509,KILLED,31,50
510,KILLED,31,50
511,KILLED,31,50
512,KILLED,31,50
513,SURVIVED
514,KILLED,31,50
515,KILLED,31,50
516,KILLED,31,50
517,KILLED,31,50
518,KILLED,14,32,17,24,31,7,9,50
519,KILLED,14,32,17,24,31,7,9,50
520,KILLED,14,32,17,24,31,7,9,50
521,KILLED,14,32,17,24,31,7,9,50
522,SURVIVED
523,KILLED,14,32,17,24,31,7,9,50
524,KILLED,14,32,17,24,31,7,9,50
525,KILLED,14,32,17,24,31,7,9,50
526,KILLED,14,32,17,24,31,7,9,50
527,KILLED,14,32,17,24,31,7,9,50
528,KILLED,14,32,17,24,31,7,9,50
529,SURVIVED
530,KILLED,14,32,17,24,31,7,9,50
531,KILLED,14,32,17,24,31,7,9,50
532,KILLED,14,32,17,24,31,7,9,50
533,KILLED,14,32,17,24,31,7,9,50
534,KILLED,14,32,17,24,31,7,9,50
535,KILLED,14,32,17,24,31,7,9,50
536,KILLED,14,32,17,24,31,7,9,50
537,KILLED,14,32,17,24,31,7,9,50
538,KILLED,14,32,17,24,31,7,9,50
539,KILLED,14,32,17,24,31,7,9,50
540,KILLED,14,32,17,24,31,7,9,50
541,KILLED,14,32,17,24,31,7,9,50
542,KILLED,14,32,17,24,31,7,9,50
543,KILLED,14,32,17,24,31,7,9,50
544,KILLED,14,32,17,24,31,7,9,50
545,KILLED,14,32,17,24,31,7,9,50
546,KILLED,14,32,17,24,31,7,9,50
547,KILLED,14,32,17,24,31,7,9,50
548,KILLED,14,32,17,24,31,7,9,50
549,TIMED_OUT
550,KILLED,14,32,17,24,31,7,9,50
551,KILLED,14,32,17,24,9,50
552,KILLED,14,32,17,24,9,50
553,KILLED,14,32,17,24,31,7,9,50
554,KILLED,5
555,KILLED,14,32,17,24,31,7,9,50
556,KILLED,14,32,17,24,31,7,9,50
557,KILLED,14,32,17,24,31,7,9,50
558,KILLED,14,32,17,24,31,7,9,50
559,KILLED,14,32,17,24,31,7,9,50
560,KILLED,14,32,17,24,31,7,9,50
561,KILLED,14,32,17,24,31,7,9,50
562,KILLED,14,32,17,24,31,7,9,50
563,KILLED,14,32,17,24,31,7,9,50
564,TIMED_OUT
565,KILLED,14,5,32,22,17,24,31,7,9,1,50
566,KILLED,14,32,17,24,31,7,9,50
567,KILLED,14,32,17,24,31,7,9,50
568,KILLED,14,5,32,22,17,24,31,7,9,1,50
569,KILLED,14,32,17,24,31,7,9,50
570,KILLED,5
571,TIMED_OUT
572,KILLED,4,16,8,35,36,25,18,26,28,19,14,13,5,11,29,32,22,17,24,39,31,12,20,33,7,15,9,3,1,50,2,56,27
573,KILLED,4,16,8,35,36,25,18,26,28,19,14,13,5,11,29,32,22,17,24,39,31,12,20,33,7,15,9,3,1,50,2,56,27
574,KILLED,25,14,5,32,22,17,24,31,33,7,9,3,1,50,2,56,27
575,KILLED,33,3,50,2,56
576,KILLED,33,3,50,2,56
577,KILLED,33,3,50,56
578,KILLED,33,3,50,56
579,KILLED,25,14,5,32,22,17,24,31,33,7,9,3,1,50,2,56,27
580,TIMED_OUT
581,NO_COVERAGE
582,KILLED,33,56
583,KILLED,33,56
584,KILLED,33,56
585,KILLED,33,56
586,KILLED,33,56
587,KILLED,33,56
588,SURVIVED
589,KILLED,33,56
590,KILLED,33,56
591,SURVIVED
592,KILLED,10,34,37,26,11,29,32,17,24,20,27
593,KILLED,38
594,KILLED,10,34,37,25,26,11,29,32,17,24,39,20,15,50,56,27
595,TIMED_OUT
596,KILLED,10,38,34,37,25,26,11,29,32,17,24,39,20,15,50,56,27
597,SURVIVED
598,KILLED,10,34,37,26,11,29,32,17,24,20,27
599,KILLED,10,34,37,26,11,29,32,17,24,20,15,56,27
600,KILLED,10,34,37,26,11,29,32,17,24,20,15,56,27
601,KILLED,10,34,37,26,11,29,32,17,24,20,15,56,27
602,KILLED,10,34,37,25,26,11,29,32,17,24,39,20,15,50,56,27
603,KILLED,10,34,37,26,11,29,32,17,24,20,27
604,KILLED,10,34,37,26,11,29,32,17,24,20,15,56,27
605,KILLED,10,34,37,26,11,29,32,17,24,20,15,56,27
606,KILLED,10,34,37,26,11,29,32,17,24,20,15,56,27
607,KILLED,10,38,34,37,25,26,11,29,32,17,24,39,20,15,50,56,27
608,KILLED,10,34,37,26,11,29,32,17,24,20,15,56,27
609,KILLED,10,34,37,26,11,29,32,17,24,20,15,56,27
610,KILLED,10,34,37,26,11,29,32,17,24,20,15,56,27
611,KILLED,10,34,37,26,11,29,32,17,24,20,15,56,27
612,KILLED,38
613,KILLED,10,34,37,25,26,11,29,32,17,24,39,20,15,50,56,27
614,KILLED,10,34,37,26,11,29,32,17,24,20,15,56,27
615,TIMED_OUT
616,KILLED,10,34,37,26,11,29,32,17,24,20,15,56,27
617,TIMED_OUT
618,KILLED,9
619,KILLED,9
620,TIMED_OUT
621,KILLED,9
622,SURVIVED
623,KILLED,9
624,KILLED,9
625,KILLED,9
626,KILLED,9
627,KILLED,9
628,KILLED,9
629,KILLED,9
630,KILLED,9
631,KILLED,9
632,KILLED,9
633,KILLED,9
634,KILLED,9
635,KILLED,9
636,KILLED,9
637,TIMED_OUT
638,KILLED,9
639,TIMED_OUT
640,SURVIVED
641,SURVIVED
642,KILLED,34,37
643,SURVIVED
644,SURVIVED
645,SURVIVED
646,KILLED,34,37,20,50
647,SURVIVED
648,SURVIVED
649,SURVIVED
650,KILLED,34,37,18,19
651,SURVIVED
652,KILLED,34,37,18
653,SURVIVED
654,SURVIVED
655,SURVIVED
656,SURVIVED
657,SURVIVED
658,SURVIVED
659,SURVIVED
660,KILLED,34,37,18
661,SURVIVED
662,SURVIVED
663,SURVIVED
664,SURVIVED
665,KILLED,18,12,1
666,SURVIVED
667,SURVIVED
668,KILLED,6
669,NO_COVERAGE
670,KILLED,4,35,36,25,18,28,19,13,39,20,33,7,3,1,50,2,56
671,SURVIVED
672,KILLED,4,35,36,25,18,28,19,13,39,12,20,33,7,3,1,50,2,56
673,KILLED,4,35,36,25,18,28,19,13,39,12,20,33,7,3,1,50,2,56
674,KILLED,4,35,36,25,18,28,19,13,39,12,6,20,33,7,3,1,50,2,56
675,KILLED,4,35,36,25,18,28,19,13,39,12,20,33,7,3,1,50,2,56
676,KILLED,4,35,36,25,18,28,19,13,39,12,20,33,7,3,1,50,2,56
677,SURVIVED
678,SURVIVED
679,KILLED,6
680,KILLED,4,35,36,25,18,28,19,13,39,12,20,33,7,3,1,50,2,56
681,SURVIVED
682,KILLED,4,35,36,25,18,28,19,13,39,12,20,33,7,3,1,50,2,56
683,SURVIVED
684,KILLED,4,35,36,25,18,28,19,13,39,12,20,33,7,3,1,50,2,56
685,KILLED,4,35,36,25,18,28,19,13,39,20,33,7,3,1,50,2,56
686,KILLED,16,26,29,31,15,9,27
687,SURVIVED
688,KILLED,23
689,KILLED,16,8,26,11,29,24,31,15,9,27
690,SURVIVED
691,KILLED,26
692,SURVIVED
693,KILLED,16,26,11,29,24,15,27
694,SURVIVED
695,SURVIVED
696,KILLED,16,26,11,29,24,15,27
697,KILLED,16,8,23,26,11,29,24,31,15,9,27
698,KILLED,26,11,29,24
699,KILLED,23
700,KILLED,26,11,29,24
701,KILLED,16,8,26,11,29,24,31,15,9,27
702,SURVIVED
703,KILLED,16,8,26,11,29,24,31,15,9,27
704,KILLED,34,18,20,1
705,KILLED,37
706,KILLED,34,18,20,1
707,KILLED,34,37,18,20
708,KILLED,34,18,20,1
709,KILLED,34,18,20,1
710,KILLED,37
711,KILLED,34,37,18,20
712,KILLED,51
713,KILLED,51
714,KILLED,51
715,KILLED,51
716,KILLED,51
717,KILLED,51
718,KILLED,51
719,KILLED,51
720,KILLED,51
721,KILLED,51
722,KILLED,51
723,KILLED,51
724,KILLED,51
725,SURVIVED
726,SURVIVED
727,KILLED,51
728,KILLED,51
729,KILLED,51
730,KILLED,51
731,KILLED,51
732,KILLED,51
733,KILLED,51
734,KILLED,51
735,KILLED,51
736,SURVIVED
737,NO_COVERAGE
738,KILLED,51
739,KILLED,51
740,NO_COVERAGE
741,KILLED,51
742,KILLED,51
743,KILLED,51
744,SURVIVED
745,KILLED,51
746,SURVIVED
747,SURVIVED
748,KILLED,51
749,SURVIVED
750,SURVIVED
751,SURVIVED
752,NO_COVERAGE
753,KILLED,51
754,KILLED,51
755,KILLED,51
756,KILLED,51
757,SURVIVED
758,SURVIVED
759,KILLED,51
760,KILLED,51
761,KILLED,51
762,KILLED,51
763,SURVIVED
764,KILLED,51
765,KILLED,51
766,KILLED,51
767,SURVIVED
768,SURVIVED
769,SURVIVED
770,SURVIVED
771,SURVIVED
772,KILLED,51
773,KILLED,51
774,KILLED,51
775,KILLED,51
776,KILLED,51
777,KILLED,51
778,KILLED,51
779,KILLED,51
780,KILLED,51
781,KILLED,51
782,KILLED,51
783,KILLED,51
784,KILLED,51
785,KILLED,51
786,KILLED,51
787,KILLED,51
788,KILLED,51
789,KILLED,51
790,KILLED,51
791,KILLED,51
792,KILLED,51
793,KILLED,51
794,KILLED,51
795,KILLED,51
796,KILLED,51
797,KILLED,51
798,KILLED,51
799,KILLED,51
800,KILLED,51
801,KILLED,51
802,KILLED,51
803,KILLED,51
804,KILLED,51
805,KILLED,51
806,KILLED,51
807,KILLED,51
808,KILLED,51
809,KILLED,51
810,KILLED,51
811,KILLED,51
812,KILLED,51
813,KILLED,51
814,KILLED,51
815,KILLED,51
816,KILLED,51
817,SURVIVED
818,SURVIVED
819,SURVIVED
820,SURVIVED
821,SURVIVED
822,SURVIVED
823,KILLED,51
824,KILLED,51
825,KILLED,51
826,KILLED,51
827,KILLED,51
828,SURVIVED
829,KILLED,51
830,KILLED,51
831,KILLED,51
832,KILLED,51
833,KILLED,51
834,KILLED,51
835,KILLED,51
836,KILLED,51
837,SURVIVED
838,SURVIVED
839,KILLED,51
840,KILLED,51
841,KILLED,51
842,KILLED,51
843,KILLED,51
844,KILLED,51
845,KILLED,51
846,SURVIVED
847,KILLED,51
848,KILLED,51
849,KILLED,51
850,KILLED,51
851,KILLED,51
852,KILLED,51
853,KILLED,51
854,KILLED,51
855,KILLED,51
856,KILLED,51
857,KILLED,51
858,KILLED,51
859,SURVIVED
860,SURVIVED
861,SURVIVED
862,SURVIVED
863,SURVIVED
864,SURVIVED
865,SURVIVED
866,SURVIVED
867,SURVIVED
868,SURVIVED
869,KILLED,51
870,KILLED,51
871,KILLED,51
872,KILLED,51
873,KILLED,51
874,KILLED,51
875,KILLED,51
876,KILLED,51
877,KILLED,51
878,KILLED,51
879,KILLED,51
880,KILLED,51
881,KILLED,51
882,KILLED,51
883,KILLED,51
884,KILLED,51
885,KILLED,51
886,KILLED,51
887,KILLED,51
888,KILLED,51
889,KILLED,51
890,KILLED,51
891,KILLED,51
892,KILLED,51
893,KILLED,51
894,KILLED,51
895,KILLED,51
896,SURVIVED
897,KILLED,51
898,SURVIVED
899,SURVIVED
900,SURVIVED
901,KILLED,51
902,KILLED,51
903,KILLED,51
904,KILLED,51
905,SURVIVED
906,KILLED,51
907,KILLED,51
908,NO_COVERAGE
909,NO_COVERAGE
910,KILLED,51
911,KILLED,51
912,KILLED,51
913,KILLED,51,1
914,KILLED,51
915,KILLED,51
916,KILLED,51,1
917,KILLED,51
918,KILLED,51
919,KILLED,51
920,KILLED,51,1
921,KILLED,51,1
922,KILLED,51,1
923,KILLED,1
924,SURVIVED
925,SURVIVED
926,SURVIVED
927,SURVIVED
928,NO_COVERAGE
929,KILLED,51,1
930,KILLED,1
931,KILLED,51,1
932,KILLED,51
933,TIMED_OUT
934,KILLED,51
935,KILLED,51
936,KILLED,51,1
937,KILLED,51,1
938,KILLED,51,1
939,KILLED,51
940,KILLED,51
941,KILLED,51,1
942,KILLED,51,1
943,KILLED,51
944,KILLED,51
945,KILLED,51
946,SURVIVED
947,KILLED,51,1
948,KILLED,51
949,KILLED,51
950,KILLED,51
951,SURVIVED
952,SURVIVED
953,SURVIVED
954,SURVIVED
955,SURVIVED
956,KILLED,51
957,KILLED,51
958,KILLED,51
959,KILLED,51
960,KILLED,51
961,SURVIVED
962,SURVIVED
963,SURVIVED
964,SURVIVED
965,SURVIVED
966,KILLED,51,1
967,KILLED,51
968,KILLED,51
969,KILLED,51
970,KILLED,51
971,KILLED,51
972,SURVIVED
973,SURVIVED
974,KILLED,51,1
975,KILLED,51,1
976,KILLED,51,1
977,SURVIVED
978,KILLED,51
979,SURVIVED
980,KILLED,51
981,KILLED,51,1
982,KILLED,51
983,KILLED,51
984,KILLED,51
985,KILLED,51,1
986,KILLED,51,1
987,KILLED,51,1
988,KILLED,51,1
989,KILLED,51,1
990,KILLED,51
991,KILLED,51
992,KILLED,51
993,KILLED,51
994,KILLED,51
995,TIMED_OUT
996,TIMED_OUT
997,KILLED,51,1
998,KILLED,51
999,SURVIVED
1000,KILLED,51
1001,KILLED,51
1002,KILLED,51
1003,KILLED,51
1004,KILLED,51
1005,KILLED,51
1006,TIMED_OUT
1007,KILLED,51
1008,SURVIVED
1009,KILLED,51
1010,KILLED,51
1011,KILLED,51
1012,KILLED,51
1013,KILLED,51
1014,SURVIVED
1015,SURVIVED
1016,TIMED_OUT
1017,KILLED,51
1018,KILLED,51
1019,TIMED_OUT
1020,KILLED,51
1021,KILLED,51
1022,KILLED,51
1023,KILLED,51
1024,KILLED,51
1025,KILLED,51
1026,SURVIVED
1027,SURVIVED
1028,SURVIVED
1029,SURVIVED
1030,SURVIVED
1031,SURVIVED
1032,SURVIVED
1033,SURVIVED
1034,SURVIVED
1035,SURVIVED
1036,KILLED,51
1037,KILLED,51
1038,KILLED,51
1039,KILLED,51
1040,KILLED,51,1
1041,KILLED,51
1042,KILLED,51,1
1043,KILLED,51
1044,KILLED,51,1
1045,KILLED,51
1046,KILLED,51
1047,KILLED,51
1048,KILLED,51
1049,KILLED,51
1050,KILLED,51,1
1051,KILLED,51,1
1052,KILLED,51,1
1053,KILLED,51,1
1054,KILLED,51,1
1055,KILLED,51
1056,KILLED,51
1057,KILLED,51
1058,KILLED,51
1059,KILLED,51
1060,KILLED,51
1061,KILLED,51
1062,KILLED,51
1063,KILLED,51
1064,KILLED,51
1065,KILLED,51
1066,KILLED,51
1067,KILLED,51
1068,KILLED,51
1069,KILLED,51,1
1070,KILLED,51
1071,SURVIVED
1072,SURVIVED
1073,SURVIVED
1074,SURVIVED
1075,SURVIVED
1076,SURVIVED
1077,KILLED,51
1078,KILLED,51
1079,KILLED,51,1
1080,KILLED,51
1081,KILLED,51,1
1082,KILLED,51,1
1083,KILLED,51
1084,SURVIVED
1085,SURVIVED
1086,KILLED,51,1
1087,KILLED,51,1
1088,KILLED,51,1
1089,KILLED,51,1
1090,KILLED,51,1
1091,KILLED,51,1
1092,KILLED,51
1093,KILLED,51,1
1094,KILLED,51,1
1095,KILLED,51,1
1096,KILLED,51
1097,KILLED,51,1
1098,KILLED,51
1099,KILLED,51,1
1100,KILLED,51
1101,KILLED,51
1102,KILLED,51,1
1103,KILLED,51,1
1104,KILLED,51,1
1105,KILLED,51,1
1106,SURVIVED
1107,KILLED,51,1
1108,SURVIVED
1109,SURVIVED
1110,SURVIVED
1111,KILLED,51,1
1112,TIMED_OUT
1113,KILLED,51,1
1114,KILLED,51,1
1115,KILLED,51,1
1116,KILLED,40,44,49,45,3,50,2,56,33
1117,KILLED,40,44,42,48,1,50
1118,KILLED,41,43,40,42,49,45,48,3,50,2,56,33
1119,KILLED,40,44
1120,KILLED,40,44,48,50,56,33,27
1121,TIMED_OUT
1122,TIMED_OUT
1123,KILLED,41,43,40,42,49,45,48,1,50,56,33,27
1124,KILLED,40,44,48,50,56,33,27
1125,TIMED_OUT
1126,TIMED_OUT
1127,KILLED,41,43,40,42,49,45,48,1,50,56,33,27
1128,KILLED,50,56,33
1129,KILLED,3,50,56,33
1130,KILLED,3,2,56,33
1131,KILLED,50,56,33
1132,SURVIVED
1133,SURVIVED
1134,SURVIVED
1135,SURVIVED
1136,KILLED,42,3,2,56,33,27
1137,KILLED,42,50,56,33
1138,KILLED,42,3,2,56,33,27
1139,KILLED,42,3,2,56,33,27
1140,KILLED,42,3,2,56,33,27
1141,KILLED,42,3,2,56,33,27
1142,KILLED,42,3,2,56,33,27
1143,KILLED,42,56,33,27
1144,KILLED,56,33,27
1145,KILLED,3,2,56,33,27
1146,KILLED,42,3,2,56,33,27
1147,KILLED,42,3,2,56,33,27
1148,KILLED,42,3,2,56,33,27
1149,KILLED,42,3,2,56,33,27
1150,KILLED,56,33
1151,KILLED,56,33
1152,KILLED,56,33
1153,KILLED,56,33
1154,KILLED,42,3,50,2,56,33,27
1155,NO_COVERAGE
1156,KILLED,41,31,27
1157,KILLED,41
1158,NO_COVERAGE
1159,KILLED,41
1160,KILLED,41,31,27
1161,KILLED,41,31,27
1162,KILLED,41,31,27
1163,KILLED,41,31,27
1164,KILLED,41,31,27
1165,SURVIVED
1166,KILLED,41,31,27
1167,KILLED,41,31,27
1168,KILLED,41,31,27
1169,KILLED,41,31,27
1170,KILLED,41,31,27
1171,KILLED,41
1172,SURVIVED
1173,SURVIVED
1174,SURVIVED
1175,SURVIVED
1176,SURVIVED
1177,NO_COVERAGE
1178,KILLED,41,31,27
1179,NO_COVERAGE
1180,SURVIVED
1181,SURVIVED
1182,SURVIVED
1183,SURVIVED
1184,KILLED,2,56,33
1185,KILLED,56,33
1186,KILLED,2,56,33
1187,KILLED,56,33
1188,SURVIVED
1189,KILLED,56,33
1190,SURVIVED
1191,KILLED,56,33
1192,KILLED,2,56,33
1193,SURVIVED
1194,KILLED,2,56,33
1195,SURVIVED
1196,SURVIVED
1197,KILLED,56,33
1198,SURVIVED
1199,KILLED,56,33
1200,KILLED,5,1,50,27
1201,KILLED,14,17,24,31,1,50,7,9,27
1202,KILLED,25,14,31,1,50,7,9,27
1203,KILLED,1,50,27
1204,KILLED,25,14,5,32,22,17,24,31,1,50,7,9,27
1205,KILLED,1,50,27
1206,KILLED,25,14,5,22,17,31,1,50,7,9,27
1207,KILLED,5,1,50,27
1208,KILLED,40,48,50
1209,KILLED,40,49,45,48
1210,KILLED,40,48,50
1211,KILLED,40,49,45,48,50
1212,KILLED,50
1213,KILLED,50
1214,KILLED,56,33
1215,TIMED_OUT
1216,TIMED_OUT
1217,KILLED,56,33
1218,KILLED,1,50
1219,KILLED,1,50
1220,SURVIVED
1221,SURVIVED
1222,SURVIVED
1223,SURVIVED
1224,SURVIVED
1225,SURVIVED
1226,SURVIVED
1227,SURVIVED
1228,SURVIVED
1229,SURVIVED
1230,SURVIVED
1231,SURVIVED
1232,SURVIVED
1233,SURVIVED
1234,SURVIVED
1235,SURVIVED
1236,SURVIVED
1237,KILLED,43
1238,SURVIVED
1239,KILLED,43
1240,KILLED,43
1241,KILLED,43
1242,KILLED,43
1243,SURVIVED
1244,SURVIVED
1245,SURVIVED
1246,SURVIVED
1247,KILLED,44,50
1248,KILLED,44,50
1249,KILLED,44,50
1250,KILLED,44,50
1251,KILLED,44,50
1252,KILLED,44,50
1253,KILLED,44,50
1254,KILLED,44,50
1255,KILLED,44,50
1256,KILLED,44,50
1257,KILLED,44,50
1258,KILLED,44
1259,KILLED,50
1260,KILLED,50
1261,KILLED,44,50
1262,KILLED,44,42,25,18,19,20,50,27
1263,SURVIVED
1264,KILLED,44,42,25,18,19,20,50,27
1265,KILLED,44,42,25,18,19,20,50,27
1266,SURVIVED
1267,KILLED,44,42,25,18,19,20,50,27
1268,SURVIVED
1269,SURVIVED
1270,KILLED,1,50
1271,SURVIVED
1272,KILLED,50
1273,KILLED,50
1274,KILLED,1,50
1275,KILLED,1,50
1276,KILLED,1,50
1277,KILLED,1,50
1278,SURVIVED
1279,SURVIVED
1280,KILLED,50
1281,KILLED,50
1282,KILLED,1,50
1283,KILLED,1,50
1284,SURVIVED
1285,KILLED,1,50
1286,KILLED,1,50
1287,KILLED,1,50
1288,KILLED,1,50
1289,KILLED,1,50
1290,SURVIVED
1291,SURVIVED
1292,SURVIVED
1293,KILLED,1
1294,NO_COVERAGE
1295,KILLED,1
1296,SURVIVED
1297,KILLED,1
1298,KILLED,1
1299,KILLED,1
1300,KILLED,1
1301,KILLED,1
1302,KILLED,1
1303,SURVIVED
1304,SURVIVED
1305,KILLED,1
1306,NO_COVERAGE
1307,KILLED,1
1308,KILLED,1
1309,KILLED,1
1310,KILLED,1
1311,KILLED,1
1312,KILLED,1
1313,KILLED,1,50
1314,KILLED,1,50
1315,KILLED,50
1316,KILLED,50
1317,KILLED,50
1318,KILLED,50
1319,KILLED,1,50
1320,KILLED,1,50
1321,KILLED,50
1322,SURVIVED
1323,KILLED,50
1324,KILLED,50
1325,KILLED,50
1326,SURVIVED
1327,KILLED,50
1328,KILLED,1,50
1329,KILLED,1,50
1330,KILLED,50
1331,TIMED_OUT
1332,KILLED,50
1333,NO_COVERAGE
1334,NO_COVERAGE
1335,NO_COVERAGE
1336,NO_COVERAGE
1337,NO_COVERAGE
1338,NO_COVERAGE
1339,NO_COVERAGE
1340,NO_COVERAGE
1341,NO_COVERAGE
1342,NO_COVERAGE
1343,NO_COVERAGE
1344,NO_COVERAGE
1345,NO_COVERAGE
1346,NO_COVERAGE
1347,NO_COVERAGE
1348,NO_COVERAGE
1349,SURVIVED
1350,KILLED,50
1351,SURVIVED
1352,SURVIVED
1353,KILLED,1,50
1354,SURVIVED
1355,KILLED,50
1356,SURVIVED
1357,SURVIVED
1358,SURVIVED
1359,SURVIVED
1360,SURVIVED
1361,KILLED,50
1362,KILLED,50
1363,SURVIVED
1364,KILLED,50
1365,SURVIVED
1366,TIMED_OUT
1367,KILLED,50
1368,SURVIVED
1369,SURVIVED
1370,SURVIVED
1371,KILLED,50
1372,SURVIVED
1373,SURVIVED
1374,SURVIVED
1375,KILLED,14,31,42,7,15,9,27
1376,KILLED,14,31,7,15,9,27
1377,KILLED,54
1378,KILLED,54
1379,KILLED,53,52,54,51,41,43,40,44,4,16,8,35,36,25,18,26,28,19,14,13,5,11,29,32,22,17,24,39,3,31,12,42,20,1,50,2,56,33,7,15,9,27
1380,KILLED,53,52,54,51,41,43,40,44,4,16,8,35,36,25,18,26,28,19,14,13,5,11,29,22,17,24,39,3,31,12,42,20,1,50,2,56,33,7,15,9,27
1381,KILLED,53,52,54,51,41,43,40,44,4,16,8,35,36,25,18,26,28,19,14,13,5,11,29,32,22,17,24,39,3,31,12,42,20,1,50,2,56,33,7,15,9,27
1382,KILLED,53,52,54,51,41,43,40,44,4,16,8,35,36,25,18,26,28,19,14,13,5,11,29,32,22,17,24,39,3,31,12,42,20,1,50,2,56,33,7,15,9,27
1383,SURVIVED
1384,SURVIVED
1385,KILLED,54
1386,KILLED,54
1387,KILLED,54
1388,SURVIVED
1389,KILLED,53,52,54,51,41,43,40,44,4,16,8,35,36,25,18,26,28,19,14,13,5,11,29,32,22,17,24,39,3,31,12,42,20,1,50,2,56,33,7,15,9,27
1390,SURVIVED
1391,SURVIVED
1392,KILLED,53,52,54,51,41,43,40,44,4,16,8,35,36,25,18,26,28,19,14,13,5,11,29,32,22,17,24,39,3,31,12,42,20,1,50,2,56,33,7,15,9,27
1393,KILLED,53,52,51,26,42,50,56,33
1394,KILLED,51,26,42,50,56,33
1395,KILLED,53
1396,KILLED,53
1397,KILLED,53
1398,KILLED,53
1399,KILLED,53
1400,KILLED,53
1401,KILLED,53
1402,KILLED,53
1403,KILLED,53
1404,KILLED,53
1405,KILLED,53
1406,SURVIVED
1407,KILLED,53
1408,KILLED,53
1409,KILLED,51,26,31,42,1,50,33,7,27
1410,KILLED,51,26,31,42,1,50,33,7,9,27
1411,SURVIVED
1412,SURVIVED
1413,SURVIVED
1414,SURVIVED
1415,SURVIVED
1416,SURVIVED
1417,SURVIVED
1418,SURVIVED
1419,SURVIVED
1420,KILLED,52
1421,SURVIVED
1422,SURVIVED
1423,SURVIVED
1424,KILLED,52
1425,SURVIVED
1426,KILLED,52
1427,SURVIVED
1428,KILLED,54,51,44,25,18,19,42,20,50,27
1429,SURVIVED
1430,KILLED,54,51,44,25,18,19,42,20,50,27
1431,KILLED,54,51,44,25,18,19,42,20,50,27
1432,KILLED,54,51,44,25,18,19,42,20,50,27
1433,KILLED,54,51,44,25,18,19,42,20,50,27
1434,KILLED,54,51,44,25,18,19,42,20,50,27
1435,KILLED,54,51,44,25,18,19,42,20,50,27
1436,SURVIVED
1437,SURVIVED
1438,NO_COVERAGE
1439,KILLED,3,2,56,33
1440,KILLED,3,2,56,33
1441,KILLED,3,2,56,33
1442,TIMED_OUT
1443,TIMED_OUT
1444,KILLED,3,2,56,33
1445,KILLED,56,33
1446,KILLED,56,33
1447,KILLED,3,2,56,33
1448,KILLED,3,2,56,33
1449,KILLED,3,2,56,33
1450,SURVIVED
1451,KILLED,3,2,56,33
1452,KILLED,56,33
1453,KILLED,3,2,56,33
1454,KILLED,3,2,56,33
1455,KILLED,3,2,56,33
1456,NO_COVERAGE
1457,NO_COVERAGE
1458,NO_COVERAGE
1459,NO_COVERAGE
1460,NO_COVERAGE
1461,NO_COVERAGE
1462,NO_COVERAGE
1463,NO_COVERAGE
1464,NO_COVERAGE
1465,KILLED,3,2,56,33
1466,KILLED,3,2,56,33
1467,KILLED,3,2,56,33
1468,NO_COVERAGE
1469,NO_COVERAGE
1470,NO_COVERAGE
1471,NO_COVERAGE
1472,NO_COVERAGE
1473,NO_COVERAGE
1474,NO_COVERAGE
1475,KILLED,3,2,56
1476,TIMED_OUT
1477,KILLED,56
1478,KILLED,3,2,56
1479,KILLED,56
1480,TIMED_OUT
1481,KILLED,3,2,56
1482,KILLED,3,2,56
1483,NO_COVERAGE
1484,NO_COVERAGE
1485,NO_COVERAGE
1486,NO_COVERAGE
1487,NO_COVERAGE
1488,NO_COVERAGE
1489,NO_COVERAGE
1490,NO_COVERAGE
1491,SURVIVED
1492,KILLED,1
1493,SURVIVED
1494,SURVIVED
1495,KILLED,1
1496,KILLED,1
1497,SURVIVED
1498,SURVIVED
1499,SURVIVED
1500,SURVIVED
1501,KILLED,1
1502,KILLED,1
1503,KILLED,1
1504,KILLED,1
1505,SURVIVED
1506,SURVIVED
1507,KILLED,1
1508,NO_COVERAGE
1509,NO_COVERAGE
1510,KILLED,1
1511,KILLED,1
1512,NO_COVERAGE
1513,NO_COVERAGE
1514,NO_COVERAGE
1515,NO_COVERAGE
1516,NO_COVERAGE
1517,NO_COVERAGE
1518,NO_COVERAGE
1519,NO_COVERAGE
1520,NO_COVERAGE
1521,NO_COVERAGE
1522,NO_COVERAGE
1523,NO_COVERAGE
1524,NO_COVERAGE
1525,NO_COVERAGE
1526,NO_COVERAGE
1527,NO_COVERAGE
1528,NO_COVERAGE
1529,NO_COVERAGE
1530,NO_COVERAGE
1531,NO_COVERAGE
1532,NO_COVERAGE
1533,NO_COVERAGE
1534,NO_COVERAGE
1535,NO_COVERAGE
1536,NO_COVERAGE
1537,NO_COVERAGE
1538,NO_COVERAGE
1539,NO_COVERAGE
1540,NO_COVERAGE
1541,NO_COVERAGE
1542,SURVIVED
1543,KILLED,56
1544,SURVIVED
1545,NO_COVERAGE
1546,SURVIVED
1547,KILLED,56
1548,KILLED,56
1549,KILLED,56
1550,KILLED,56
1551,SURVIVED
1552,KILLED,56
1553,KILLED,56
1554,SURVIVED
1555,KILLED,56
1556,KILLED,56
1557,KILLED,56
1558,KILLED,56
1559,KILLED,56
1560,KILLED,56
1561,TIMED_OUT
1562,KILLED,56
1563,KILLED,56
1564,KILLED,56
1565,KILLED,56
1566,KILLED,56
1567,TIMED_OUT
1568,KILLED,56
1569,TIMED_OUT
1570,KILLED,56
1571,KILLED,56
1572,KILLED,56
1573,TIMED_OUT
1574,KILLED,56
1575,KILLED,56
1576,KILLED,56
1577,KILLED,56
1578,KILLED,56
1579,KILLED,56
1580,KILLED,56
1581,KILLED,56
1582,TIMED_OUT
1583,KILLED,56
1584,KILLED,56
1585,KILLED,56
1586,TIMED_OUT
1587,KILLED,56
1588,KILLED,56
1589,KILLED,56
1590,KILLED,56
1591,KILLED,46,49,45,48
1592,KILLED,46,49,45,48
1593,KILLED,46,49,45,48
1594,KILLED,46,49,45,48
1595,KILLED,46,49,45,48
1596,KILLED,46,49,45,48
1597,KILLED,46,49,45,48
1598,KILLED,46,49,45,48
1599,KILLED,47,49,45,48
1600,KILLED,47,49,45,48
1601,KILLED,47,49,45,48
1602,KILLED,47,49,45,48
1603,KILLED,47,49,45,48
1604,KILLED,47,49,45,48
1605,KILLED,47,49,45,48
1606,KILLED,47,49,45,48
1607,KILLED,47,49,45,48
1608,KILLED,47,49,45,48
1609,KILLED,45
1610,KILLED,45
1611,SURVIVED
1612,KILLED,49,45,48,1,50
1613,KILLED,49,45,48,1,50
1614,KILLED,49,45,48,50
1615,KILLED,49,45,48,50
1616,KILLED,49,45,48,1,50
1617,KILLED,49,45,48
1618,KILLED,49,45,48,50
1619,KILLED,49,45,48,50
1620,KILLED,49,45,48,50
1621,KILLED,49,45,48,1,50
1622,KILLED,49,45,48
1623,KILLED,49,45,48,50
1624,SURVIVED
1625,KILLED,49,45,48,50
1626,TIMED_OUT
1627,KILLED,3,2,33
1628,KILLED,3,2,33
1629,KILLED,3,2,33
1630,KILLED,3,2,33
1631,KILLED,33
1632,KILLED,33
1633,TIMED_OUT
1634,KILLED,33
1635,KILLED,3,2,33
1636,TIMED_OUT
1637,KILLED,33
1638,TIMED_OUT
1639,KILLED,33
1640,NO_COVERAGE
1641,KILLED,3,2,33
1642,TIMED_OUT
1643,KILLED,2,33
1644,KILLED,3,2,33
1645,KILLED,3,2,33
1646,KILLED,2,33
1647,KILLED,2,33
1648,KILLED,2,33
1649,KILLED,33
1650,KILLED,2,33
1651,SURVIVED
1652,KILLED,2,33
1653,KILLED,2,33
1654,KILLED,3,2,33
1655,TIMED_OUT
1656,KILLED,33
1657,KILLED,3,2
1658,TIMED_OUT
1659,TIMED_OUT
1660,NO_COVERAGE
1661,SURVIVED
1662,KILLED,55
1663,KILLED,55
1664,SURVIVED
1665,SURVIVED
1666,SURVIVED
1667,KILLED,55
1668,KILLED,55
1669,KILLED,55
1670,KILLED,55
1671,KILLED,55
1672,KILLED,55
1673,KILLED,55
1674,KILLED,55
1675,KILLED,55
1676,KILLED,55
1677,KILLED,55
1678,SURVIVED
1679,KILLED,55
1680,KILLED,55
