1,KILLED,2,1
2,KILLED,2,1
3,KILLED,2,1
4,KILLED,2,1
5,KILLED,2,1
6,KILLED,2,1
7,KILLED,2,1
8,KILLED,2,1
9,KILLED,2,1
10,KILLED,2,1
11,KILLED,2,1
12,KILLED,2,1
13,KILLED,2,1
14,KILLED,2,1
15,KILLED,2,1
16,KILLED,2,1
17,KILLED,2,1
18,KILLED,2,1
19,KILLED,2,1
20,KILLED,2,1
21,KILLED,2,1
22,KILLED,2,1
23,KILLED,2,1
24,KILLED,2,1
25,KILLED,2,1
26,KILLED,2,1
27,KILLED,2,1
28,KILLED,2,1
29,KILLED,2,1
30,KILLED,2,1
31,KILLED,2,1
32,KILLED,2,1
33,KILLED,2,1
34,KILLED,2,1
35,KILLED,2,1
36,KILLED,2,1
37,KILLED,2,1
38,KILLED,2,1
39,KILLED,2,1
40,KILLED,2,1
41,KILLED,2,1
42,KILLED,2,1
43,KILLED,2,1
44,KILLED,2,1
45,KILLED,2,1
46,KILLED,2,1
47,KILLED,2,1
48,KILLED,2,1
49,KILLED,2,1
50,KILLED,2,1
51,KILLED,2,1
52,KILLED,3,2,4,1
53,KILLED,3,2,4,1
54,KILLED,3,2,4,1
55,SURVIVED
56,KILLED,3,2,4,1
57,KILLED,3,2,4,1
58,KILLED,3,2,4,1
59,SURVIVED
60,KILLED,3,2,4,1
61,KILLED,3,2,4,1
62,KILLED,3,2,4,1
63,SURVIVED
64,KILLED,3,2,4,1
65,KILLED,3,2,4,1
66,KILLED,3,2,4,1
67,SURVIVED
68,KILLED,3,2,4,1
69,KILLED,3,2,4,1
70,KILLED,3,2,4,1
71,SURVIVED
72,KILLED,3,2,4,1
73,KILLED,3,2,4,1
74,KILLED,3,2,4,1
75,SURVIVED
76,KILLED,3,2,4,1
77,KILLED,3,2,4,1
78,KILLED,3,2,4,1
79,SURVIVED
80,KILLED,3,2,4,1
81,KILLED,3,2,4,1
82,KILLED,3,2,4,1
83,SURVIVED
84,KILLED,3,2,4,1
85,KILLED,3,2,4,1
86,KILLED,3,2,4,1
87,KILLED,3,2,4,1
88,SURVIVED
89,KILLED,3,2,4,1
90,KILLED,3,2,4,1
91,KILLED,3,2,4,1
92,SURVIVED
93,KILLED,3,2,4,1
94,KILLED,3,2,4,1
95,KILLED,3,2,4,1
96,SURVIVED
97,KILLED,3,2,4,1
98,KILLED,3,2,4,1
99,KILLED,3,2,4,1
100,SURVIVED
101,KILLED,3,2,4,1
102,KILLED,3,2,4,1
103,KILLED,3,2,4,1
104,SURVIVED
105,KILLED,3,2,4,1
106,KILLED,3,2,4,1
107,KILLED,3,2,4,1
108,SURVIVED
109,KILLED,3,2,4,1
110,KILLED,3,2,4,1
111,KILLED,3,2,4,1
112,SURVIVED
113,KILLED,3,2,4,1
114,KILLED,3,2,4,1
115,NO_COVERAGE
116,NO_COVERAGE
117,NO_COVERAGE
118,NO_COVERAGE
119,NO_COVERAGE
120,NO_COVERAGE
121,NO_COVERAGE
122,NO_COVERAGE
123,NO_COVERAGE
124,NO_COVERAGE
125,NO_COVERAGE
126,NO_COVERAGE
127,NO_COVERAGE
128,NO_COVERAGE
129,NO_COVERAGE
130,NO_COVERAGE
131,NO_COVERAGE
132,NO_COVERAGE
133,NO_COVERAGE
134,NO_COVERAGE
135,NO_COVERAGE
136,NO_COVERAGE
137,NO_COVERAGE
138,NO_COVERAGE
139,NO_COVERAGE
140,NO_COVERAGE
141,NO_COVERAGE
142,NO_COVERAGE
143,NO_COVERAGE
144,KILLED,3,2,4,1
145,KILLED,3,2,4,1
146,SURVIVED
147,KILLED,3,2,4,1
148,KILLED,1
149,KILLED,3,2,4,1
150,SURVIVED
151,KILLED,3,2,4,1
152,SURVIVED
153,KILLED,3,2,4,1
154,SURVIVED
155,KILLED,3,2,4,1
156,SURVIVED
157,KILLED,3,2,4,1
158,SURVIVED
159,KILLED,3,2,4,1
160,SURVIVED
161,KILLED,3,2,4,1
162,SURVIVED
163,KILLED,3,2,4,1
164,KILLED,1
165,KILLED,3,2,4,1
166,SURVIVED
167,KILLED,3,2,4,1
168,KILLED,1
169,KILLED,3,2,4,1
170,SURVIVED
171,KILLED,3,2,4,1
172,KILLED,1
173,NO_COVERAGE
174,NO_COVERAGE
175,NO_COVERAGE
176,NO_COVERAGE
177,NO_COVERAGE
178,NO_COVERAGE
179,NO_COVERAGE
180,NO_COVERAGE
181,NO_COVERAGE
182,NO_COVERAGE
183,NO_COVERAGE
184,NO_COVERAGE
185,NO_COVERAGE
186,NO_COVERAGE
187,NO_COVERAGE
188,NO_COVERAGE
189,NO_COVERAGE
190,KILLED,3,2,4,1
191,KILLED,3,2,4,1
192,SURVIVED
193,KILLED,3,2,4,1
194,SURVIVED
195,KILLED,3,2,4,1
196,SURVIVED
197,KILLED,3,2,4,1
198,SURVIVED
199,KILLED,3,2,4,1
200,KILLED,3,2,4,1
201,SURVIVED
202,KILLED,3,2,4,1
203,KILLED,1
204,KILLED,3,2,4,1
205,SURVIVED
206,KILLED,3,2,4,1
207,SURVIVED
208,KILLED,3,2,4,1
209,SURVIVED
210,KILLED,3,2,4,1
211,SURVIVED
212,KILLED,3,2,4,1
213,SURVIVED
214,KILLED,3,2,4,1
215,SURVIVED
216,KILLED,3,2,4,1
217,KILLED,3,2,4,1
218,SURVIVED
219,KILLED,3,2,4,1
220,SURVIVED
221,KILLED,3,2,4,1
222,SURVIVED
223,KILLED,3,2,4,1
224,KILLED,1
225,SURVIVED
226,NO_COVERAGE
227,KILLED,1
228,SURVIVED
229,NO_COVERAGE
230,SURVIVED
231,SURVIVED
232,NO_COVERAGE
233,KILLED,1
234,KILLED,1
235,KILLED,1
236,SURVIVED
237,NO_COVERAGE
238,KILLED,1
239,KILLED,1
240,KILLED,1
241,SURVIVED
242,KILLED,1
243,SURVIVED
244,KILLED,1
245,NO_COVERAGE
246,NO_COVERAGE
247,NO_COVERAGE
248,NO_COVERAGE
249,NO_COVERAGE
250,NO_COVERAGE
251,NO_COVERAGE
252,NO_COVERAGE
253,NO_COVERAGE
254,NO_COVERAGE
255,KILLED,1
256,KILLED,1
257,SURVIVED
258,SURVIVED
259,SURVIVED
260,SURVIVED
261,KILLED,1
262,SURVIVED
263,KILLED,1
264,KILLED,1
265,KILLED,1
266,KILLED,1
267,SURVIVED
268,SURVIVED
269,KILLED,1
270,SURVIVED
271,KILLED,1
272,KILLED,2,1
273,KILLED,3,2,1
274,KILLED,3,2,1
275,KILLED,3,2,1
276,KILLED,3,2
277,KILLED,2
278,KILLED,3,2
279,KILLED,3,2
280,KILLED,2
281,KILLED,3,2
282,KILLED,2
283,KILLED,3,2
284,KILLED,3
285,KILLED,3
286,KILLED,3
287,KILLED,3
288,KILLED,3
289,KILLED,3
290,NO_COVERAGE
291,KILLED,3,2,4,1
292,KILLED,3,2,4,1
293,KILLED,3,2,4,1
294,KILLED,1
295,KILLED,3,2,1
296,KILLED,3,2,1
297,KILLED,3,2,1
298,KILLED,3,2,1
299,KILLED,3,2,1
300,KILLED,3,2,1
301,KILLED,3,2,1
302,KILLED,3,2,1
303,KILLED,3,2,1
304,KILLED,3,2,1
305,KILLED,3,2,1
306,KILLED,3,2,1
307,NO_COVERAGE
308,NO_COVERAGE
309,NO_COVERAGE
310,NO_COVERAGE
311,NO_COVERAGE
312,KILLED,3,2,4,1
313,KILLED,3,2,4,1
314,KILLED,3,2,4,1
315,NO_COVERAGE
316,NO_COVERAGE
317,NO_COVERAGE
318,NO_COVERAGE
319,NO_COVERAGE
320,NO_COVERAGE
321,SURVIVED
322,SURVIVED
323,KILLED,1
324,KILLED,1
325,KILLED,3,2,4,1
326,NO_COVERAGE
327,NO_COVERAGE
328,NO_COVERAGE
329,NO_COVERAGE
330,NO_COVERAGE
331,NO_COVERAGE
332,NO_COVERAGE
333,NO_COVERAGE
334,KILLED,3,2,4,1
335,SURVIVED
336,SURVIVED
337,KILLED,3,2,4,1
338,KILLED,1
339,KILLED,3,2,4,1
340,KILLED,3,2,4,1
341,KILLED,1
342,KILLED,3,2,4,1
343,KILLED,3,2,4,1
344,KILLED,3,2,4,1
345,KILLED,3,2,4,1
346,KILLED,3,2,4,1
347,KILLED,1
348,KILLED,3,2,4,1
349,KILLED,3,2,4,1
350,KILLED,1
351,NO_COVERAGE
352,NO_COVERAGE
353,NO_COVERAGE
354,NO_COVERAGE
355,NO_COVERAGE
356,NO_COVERAGE
357,NO_COVERAGE
358,NO_COVERAGE
359,NO_COVERAGE
360,NO_COVERAGE
361,NO_COVERAGE
362,NO_COVERAGE
363,NO_COVERAGE
364,NO_COVERAGE
365,NO_COVERAGE
366,NO_COVERAGE
367,NO_COVERAGE
368,NO_COVERAGE
369,NO_COVERAGE
370,NO_COVERAGE
371,NO_COVERAGE
372,NO_COVERAGE
373,NO_COVERAGE
374,NO_COVERAGE
375,NO_COVERAGE
376,NO_COVERAGE
377,NO_COVERAGE
378,NO_COVERAGE
379,NO_COVERAGE
380,NO_COVERAGE
381,NO_COVERAGE
382,NO_COVERAGE
383,SURVIVED
384,SURVIVED
385,KILLED,3,2,4,1
386,KILLED,3,2,4,1
387,KILLED,3,2,4,1
388,KILLED,1
389,KILLED,1
390,KILLED,1
391,KILLED,3,2,4,1
392,KILLED,3,2,4,1
393,KILLED,1
394,TIMED_OUT
395,KILLED,2,1
396,SURVIVED
397,KILLED,2,1
398,KILLED,2,1
399,KILLED,3,2,4,1
400,KILLED,2,1
401,KILLED,3,2,4,1
402,KILLED,1
403,KILLED,3,2,4,1
404,SURVIVED
405,KILLED,2,1
406,KILLED,3,2,4,1
407,KILLED,2,1
408,KILLED,3,2,4,1
409,KILLED,1
410,KILLED,3,2,4,1
411,TIMED_OUT
412,KILLED,3,2,4,1
413,KILLED,1
414,KILLED,2,1
415,KILLED,1
416,KILLED,1
417,KILLED,3,2,1
418,NO_COVERAGE
419,KILLED,1
420,KILLED,3,2,1
421,KILLED,1
422,KILLED,1
423,KILLED,1
424,KILLED,1
425,KILLED,3,2,1
426,KILLED,1
427,KILLED,3,2,1
428,KILLED,1
429,KILLED,1
430,KILLED,1
431,KILLED,1
432,KILLED,1
433,KILLED,1
434,KILLED,1
435,KILLED,1
436,KILLED,1
437,SURVIVED
438,KILLED,3,2,1
439,KILLED,1
440,KILLED,1
441,KILLED,3,2,1
442,KILLED,1
443,KILLED,3,2,1
444,TIMED_OUT
445,KILLED,2,1
446,KILLED,2,1
447,SURVIVED
448,KILLED,3,2,1
449,KILLED,3,2,1
450,KILLED,3,2,1
451,KILLED,3,2,1
452,KILLED,3,2,1
453,SURVIVED
454,KILLED,3,2,1
455,KILLED,3,2,1
456,KILLED,3,2,1
457,KILLED,3,2,1
458,KILLED,3,2,1
